,bone_120703409371868,bone_120726897146102,bone_120726943091998,bone_120772933639526,bone_120772948809436,bone_120772961187686,bone_120797898652380,bone_120864470579628,bone_120864485361964,bone_121202323704741,bone_121338017471773,bone_121742684763996,bone_121812450659628,bone_121812496627494,bone_121826187066670,bone_121879202293547,bone_121896083081637,bone_121896114252124,bone_121965727309101,bone_121965754137894,bone_121965754570973,bone_122293352282413,bone_122293352806300,bone_122428792945910,bone_122428823886061,bone_122436442843933,bone_122436443137837,bone_122436474525604,bone_125042399832299,bone_125042400094453,bone_125239715097844,bone_125247396956469,bone_125719958644637,bone_125745344179430,bone_126132113759076,bone_126132128737701,bone_126149071431963,bone_126149071621355,bone_126218832893678,bone_126218845407541,bone_126227557501236,bone_126227569339187,bone_126364068996980,bone_126364088154926,bone_126680929877405,bone_126681600964515,bone_126681615297844,bone_126681615551395,bone_126681615588275,bone_126706311616294,bone_126706311622062,bone_126706324725157,bone_126765621266670,bone_126776251464411,bone_126834252868510,bone_126835191867189,bone_126836622118110,bone_126836622969187,bone_126836637067571,bone_126885760985331,bone_129457491962292,bone_129457519716067,bone_129497369102709,bone_129565671934301,bone_129565686684894,bone_129663562607388,bone_130126460901604,bone_130126479582957,bone_130134904007923,bone_130144686434611,bone_130144686782686,bone_130144714251099,bone_130184161188267,bone_130185535371996,bone_130194213129078,bone_130194259728805,bone_130203891165918,bone_130529132763060,bone_130531382443445,bone_130531382651309,bone_130531382676837,bone_130624783239069,bone_130693127916899,bone_130736333642534,bone_130754483763046,bone_131089759615413,bone_131089760110493,bone_131097900793077,bone_131097928521590,bone_131175224928179,bone_131234293828444,bone_131293483325164,bone_131293484047587,bone_131293484051684,bone_131309562195180,bone_131309562883301,bone_133829930183907,bone_133829949573931,bone_133854479375275,bone_133854491990899,bone_133895313058100,bone_133974617119579,bone_133982133078884,bone_134041189177638,bone_134376317905771,bone_134376349198644,bone_134448021691638,bone_134448022144923,bone_134472851700062,bone_134540451309916,bone_134540497480620,bone_134938019187500,bone_134938050313004,bone_135014286023462,bone_135014286776542,bone_135064465300268,bone_135081931951021,bone_135150471077149,bone_135150517316532,bone_135571539908971,bone_135699973687069,bone_135699973691805,bone_135700004322605,bone_135700004649308,bone_155842595937195,bone_155888869595867,bone_155911417904484,bone_155911430987102,bone_156024173718316,bone_156024174209251,bone_156453508631476,bone_156463321173428,bone_156515920169883,bone_157071999420262,bone_157072011737509,bone_157140450461427,bone_157477604584364,bone_157477636790108,bone_157486610532707,bone_157536914365172,bone_157562564631963,bone_157562564634483,bone_157562577251244,bone_157613955894692,bone_157613969787622,bone_157614001502070,bone_157614002060531,bone_157684165987126,bone_157684166257908,bone_160447855810998,bone_160785117669683,bone_160785144596854,bone_160910611443035,bone_160910611536117,bone_160910638177142,bone_160910657870635,bone_160928730606454,bone_160928745278821,bone_160928776501094,bone_160990095395684,bone_160996537579245,bone_161340122941660,bone_161411807173494,bone_161451911100189,bone_161451926015332,bone_161451938531637,bone_161462695447901,bone_161548562451892,bone_161548563037430,bone_161548563242340,bone_161548563336035,bone_161548575291766,bone_161548575402331,bone_161548575554349,bone_161864243338533,bone_161864256018742,bone_161889595092269,bone_161889610516253,bone_161889610578155,bone_161890937288477,bone_161890952726259,bone_161890965023580,bone_161890983372699,bone_161893265103085,bone_161960462338475,bone_161960462858523,bone_161960508181420,bone_162001579563739,bone_162078857246637,bone_162078857254710,bone_162090653969315,bone_164698934361013,bone_164753413455214,bone_164753413979356,bone_164753413986534,bone_164761076681068,bone_164818809640796,bone_165327865498932,bone_165327897312166,bone_165741375482166,bone_165851883031285,bone_165858440858533,bone_165945548138421,bone_165946191984862,bone_165946206370227,bone_166332068158900,bone_166400412470197,bone_166400430652852,bone_166416894020006,bone_166416939339110,bone_169014020917676,bone_169022508453238,bone_169022508685085,bone_169027831253276,bone_169027876834717,bone_169082619095972,bone_169082619575203,bone_169082638485788,bone_169151714258140,bone_169156975913246,bone_169158171081005,bone_169158184160491,bone_169158202321836,bone_169174289566582,bone_169174308665245,bone_169572513496492,bone_169572513561436,bone_169723764305260,bone_169723764819886,bone_169727133116270,bone_169768847558507,bone_169793557773558,bone_169793570388316,bone_169794766235565,bone_169795583896499,bone_170137155716966,bone_170137155750694,bone_170137187179867,bone_170180373559541,bone_170181076117348,bone_170199731879283,bone_170199732370782,bone_170258473314203,bone_170258500341083,bone_170265183992565,bone_170265211194164,bone_170276741331764,bone_170276773583211,bone_170327476455214,bone_170344400182172,bone_170660067208492,bone_170660067469595,bone_170660068026678,bone_191026834290997,bone_191210559072052,bone_191215678118323,bone_191553875855780,bone_191553907152820,bone_191553907156764,bone_191645412378526,bone_191647275968419,bone_191647303556334,bone_191691434383604,bone_191774158149469,bone_192101751942453,bone_192101764458852,bone_192121091800427,bone_192180120368997,bone_192255431130027,bone_192306956331446,bone_192315304831902,bone_192317721074014,bone_192317721329067,bone_192317740477220,bone_192325926938523,bone_192653655948574,bone_192718898383091,bone_192718916730091,bone_192729623222516,bone_192745875815643,bone_192806917983453,bone_195546167266539,bone_195546181428974,bone_195546194499868,bone_195546213366070,bone_195562272909038,bone_195562273425260,bone_195562300620131,bone_195562300684597,bone_195562319854956,bone_195606431325492,bone_195606458087270,bone_195615853791605,bone_195622402669877,bone_195622402681756,bone_195623342262510,bone_195623356656940,bone_195625773066676,bone_195958633262323,bone_195967100864948,bone_195967120271643,bone_196019687221683,bone_196019733556147,bone_196113251285356,bone_196113252140828,bone_196163837512030,bone_196163852197212,bone_196163852221667,bone_196163883096878,bone_196527716165875,bone_196527728573734,bone_196527747197236,bone_196715471924468,bone_196715472177006,bone_197058264218852,bone_197058309844277,bone_197060157401523,bone_197060157689052,bone_197068867389293,bone_197068867615006,bone_197135454329756,bone_197185771321710,bone_197185817204453,bone_197188186486557,bone_197213568290076,bone_197256818089323,bone_197256818386854,bone_197264019733939,bone_197264019765155,bone_199944393677035,bone_200348208683829,bone_200348209104805,bone_200348254792932,bone_200363912129333,bone_200426592094005,bone_200426619292517,bone_200426637875060,bone_200426638235891,bone_200511149500661,bone_200561508433118,bone_200561526958502,bone_200561527471460,bone_200562869688683,bone_200563762587565,bone_200563777228133,bone_200563777530091,bone_200570519284974,bone_200967503855003,bone_200983476287923,bone_200983476386164,bone_200994198608693,bone_201114472372019,bone_201114473088926,bone_201114484914598,bone_201465598462693,bone_201474341531052,bone_201523568527197,bone_201523600178596,bone_201585857550189,bone_201585877273949,bone_204351803938595,bone_204351816817974,bone_204359574174574,bone_204360541396259,bone_204360560072500,bone_204403329427291,bone_204756751375197,bone_204762108062108,bone_204762120088494,bone_204763060397814,bone_204765494889779,bone_204825324369764,bone_204825324574621,bone_204825324800734,bone_204825355802355,bone_204911358393204,bone_204954173298542,bone_204954173393270,bone_204959676787051,bone_205381642378676,bone_205381669378412,bone_205381669865899,bone_205381688838067,bone_205392407325102,bone_205392425413532,bone_205510759574390,bone_205510786631531,bone_205510786640286,bone_205510786799910,bone_205511430360476,bone_205511458478835,bone_205518974602075,bone_205518992955827,bone_205518992956213,bone_205870194608429,bone_205922689009510,bone_205922701601013,bone_226205952330614,bone_226283280809387,bone_226343123380084,bone_226343123576686,bone_226806193670939,bone_226822386998699,bone_226829528357733,bone_226901455984996,bone_226949786983782,bone_226949787708837,bone_226949787737374,bone_226949806373798,bone_226953411053414,bone_226953411382492,bone_226958752206236,bone_226958767213470,bone_226958780057900,bone_226970294990693,bone_226970341599589,bone_227284915993956,bone_227284916226979,bone_227284916263643,bone_227284947495147,bone_227305195686766,bone_227357156621726,bone_227363580426092,bone_227363580504308,bone_227425427254110,bone_227425474005723,bone_227493073771741,bone_227493100342067,bone_227510414371172,bone_227510434059996,bone_227516844726499,bone_227844187440867,bone_227921676589877,bone_227930534958830,bone_227981806750491,bone_227982983215915,bone_227990511446956,bone_227991438609309,bone_227991451035892,bone_227991469813091,bone_228042070191006,bone_230592309324638,bone_230592309778140,bone_230592322616245,bone_230611622521580,bone_230611649481572,bone_230611668843372,bone_230652424636275,bone_230732713904052,bone_230741425179054,bone_230741425408749,bone_230741457454940,bone_230749746968996,bone_230749759715165,bone_230799392787883,bone_230816707431348,bone_231270779935069,bone_231279504604380,bone_231280294907173,bone_231280295197404,bone_231291315964148,bone_231365435673510,bone_231366194511283,bone_231366240134965,bone_231692895440220,bone_231711805173038,bone_231760553728284,bone_231822848867574,bone_231890207533790,bone_231897743182556,bone_231900126824878,bone_231900139445158,bone_231907655568101,bone_232261722790315,bone_232301304100781,bone_232302645832419,bone_232302658411379,bone_232302677285596,bone_232311355268454,bone_232311382822318,bone_232318649723316,bone_232321019472731,bone_232327461652765,bone_232439011559275,bone_232439042468075,bone_232449779817190,bone_234992266569573,bone_235000944585123,bone_235000959777579,bone_235000990653859,bone_235007414851934,bone_235007433128357,bone_235069844942123,bone_235070764833702,bone_235070784432363,bone_235188998588267,bone_235198559479718,bone_235533401242333,bone_235533414033654,bone_235548433893148,bone_235559336200540,bone_235626714053347,bone_235678522292140,bone_235695835601310,bone_235697696529771,bone_235697714654108,bone_235737680104732,bone_235737711557878,bone_235763060129014,bone_236082068405661,bone_236167177135837,bone_236167209106269,bone_236175645919475,bone_236176825793261,bone_236176872229165,bone_236633971931893,bone_236639623235931,bone_236650077776748,bone_236650123967350,bone_236785415187763,bone_236785415345957,bone_236846734235932,bone_239382663223579,bone_239382663223589,bone_239407447259053,bone_239407492717366,bone_239458046920501,bone_239468530777460,bone_239468531074862,bone_239475375658734,bone_239475406789350,bone_239477286165750,bone_239587850643380,bone_239587850669469,bone_239596291111213,bone_239596306029787,bone_239932641234220,bone_240001508896044,bone_240001522023139,bone_240094688238939,bone_240482262379291,bone_240482289670435,bone_240482289837923,bone_240482308478884,bone_240490732768158,bone_240490732800822,bone_240490745122158,bone_240490745318814,bone_240617687825141,bone_240634599233309,bone_240634614110565,bone_240634627279645,bone_240634645568302,bone_240634645866414,bone_241098886400243,bone_241106402077413,bone_241114562344877,bone_241114576711075,bone_241114608429851
S100A9,0,0,2,1,0,0,0,0,5,1,0,0,0,1,0,0,0,0,0,0,0,0,0,2,0,0,0,2,0,0,0,0,0,0,0,0,1,0,0,1,0,0,0,1,0,0,0,0,0,0,0,0,2,0,0,0,0,0,0,3,0,0,0,1,0,0,0,0,1,0,0,0,3,0,1,1,0,0,0,0,0,0,0,0,0,2,1,0,1,0,0,0,0,0,0,0,0,0,20,1,0,0,0,0,2,0,0,1,1,0,0,0,0,0,0,0,0,0,0,0,0,0,0,0,1,0,0,1,0,1,0,0,1,0,0,0,0,0,1,0,0,0,1,2,2,1,0,0,0,0,0,0,0,6,0,0,1,0,1,2,0,1,0,1,0,0,0,1,1,0,0,0,0,1,0,1,1,1,0,1,0,1,0,1,1,0,0,0,0,0,0,0,0,1,1,2,0,0,0,0,0,0,0,0,0,1,3,0,1,2,0,0,0,0,0,0,0,0,0,0,0,0,0,0,0,0,0,0,0,0,0,7,1,1,0,0,0,0,0,0,0,0,0,0,0,0,0,0,0,1,0,0,0,1,0,0,0,0,2,0,0,0,3,1,0,0,0,3,0,2,0,0,6,0,1,0,3,0,0,0,0,1,2,0,0,0,0,0,2,0,0,0,0,0,1,0,0,1,0,0,1,0,1,0,0,0,1,2,0,0,0,1,1,0,0,0,0,0,0,0,1,0,0,0,0,0,0,0,0,0,0,0,1,0,0,0,0,0,0,0,0,0,0,1,0,0,0,0,0,0,1,0,1,0,0,0,0,0,0,0,0,0,1,0,0,2,1,0,0,1,0,0,1,0,0,0,0,1,0,0,0,1,0,0,0,0,0,1,0,0,0,0,0,0,0,0,1,0,1,0,1,0,0,0,0,1,0,0,1,2,0,0,0,0,0,0,0,1,0,3,0,0,0,0,0,0,0,1,0,1,1,0,2,0,1,1,1,0,0,0,1,0,0,1,1,0,0,1,0,0,2,0,0,1,0,0,1,0,0,0,0,0,1,1,0,0,0,1,0,3,0,0,0,0,0,0,4,0,0,0,0,0,0,1,0,0,0,0,0,125,0,0,0,0,0,0,0,0,0,0,0,8,0,0,0,0,0,0,0,0,1,0,1,0,0,2,0,0,0,0,0,0,0,0,0,0,0,0,1,0,1,1,0,0,2,1,0,0,0,0,0,0,0,0,0,0,2,0,0,0,0,0,1,0,0,1,0,3,1
YWHAE,3,2,5,6,0,1,3,4,9,8,3,4,0,4,3,11,0,9,4,2,4,1,0,6,1,2,4,4,4,2,6,9,3,5,6,4,6,5,3,2,0,4,4,10,11,0,6,0,9,4,9,9,6,11,9,0,5,0,4,4,8,2,5,3,1,5,0,9,1,0,1,2,6,4,9,0,4,12,4,4,4,0,0,7,5,0,4,3,14,1,4,9,4,4,9,5,4,2,6,6,16,1,6,5,8,12,3,8,8,3,9,2,0,3,6,3,0,6,0,12,6,6,10,7,0,10,5,4,3,7,2,2,0,2,0,1,8,10,8,0,4,2,11,0,16,6,7,6,0,3,3,3,1,5,5,0,3,0,6,7,2,3,0,29,6,6,7,5,2,3,7,1,6,1,3,7,6,4,0,1,4,2,4,2,6,6,2,2,8,9,3,3,6,7,3,7,0,6,7,9,7,3,1,5,1,5,8,4,1,2,1,5,9,1,6,3,1,12,2,2,10,6,9,0,3,1,10,8,4,1,0,1,0,2,5,7,3,11,10,5,21,2,4,5,5,6,7,3,0,3,15,2,0,5,6,5,11,4,4,0,6,3,5,10,6,9,8,5,7,3,4,1,4,5,14,3,9,9,0,5,6,19,5,10,1,7,5,5,5,7,5,0,18,10,4,11,4,0,2,14,6,8,7,2,10,8,8,4,0,1,9,8,3,1,3,4,1,1,3,0,0,5,3,1,1,1,6,5,5,1,1,6,5,2,7,2,6,11,7,3,9,2,2,4,3,5,0,8,9,4,11,2,3,1,0,0,1,10,8,0,0,0,4,0,6,7,7,3,1,16,0,11,6,1,11,5,0,3,4,7,9,6,4,1,3,8,4,1,11,2,3,3,4,5,4,1,2,0,2,8,5,3,4,11,4,2,6,0,9,7,10,0,0,3,12,2,2,0,4,11,3,5,4,0,10,3,1,6,5,12,3,10,1,7,5,1,6,6,2,0,1,1,6,1,6,4,9,9,7,0,3,6,3,5,6,5,9,1,1,1,9,0,6,5,0,6,0,3,0,5,6,3,0,7,7,4,2,9,12,5,0,0,3,10,6,4,2,12,7,3,5,4,1,0,1,0,6,3,8,4,6,9,5,2,2,3,5,7,0,4,6,8,8,0,0,6,0,4,6,1,8,2,7,1,0,5,5,1,12,0,3,10,10,3,8,9,1,9,6,3,5,3,7,7,0,0,3,8,0,4,6,3,5,3,0,7,2,9,5
RIOK3,1,0,2,0,0,0,0,0,1,2,1,0,0,0,0,0,0,1,0,0,0,1,0,3,0,2,0,0,2,0,0,0,2,2,0,0,0,1,1,0,0,0,0,2,1,1,0,0,2,1,0,0,0,3,1,0,0,0,0,1,1,0,0,0,0,2,0,0,0,0,0,1,0,2,0,1,0,2,0,0,0,0,0,3,0,1,0,3,0,1,0,0,0,0,2,0,0,0,0,1,1,0,0,0,1,0,0,1,0,2,0,0,1,0,0,0,0,0,0,0,1,0,0,2,0,0,1,0,0,0,0,1,0,0,0,1,0,1,2,0,1,0,2,0,0,0,0,0,0,0,1,1,0,0,0,0,2,0,3,0,1,0,0,1,0,0,1,1,0,0,0,1,0,1,1,0,0,0,1,3,0,0,1,1,0,2,0,2,0,1,0,0,0,0,0,1,0,0,3,0,1,0,0,2,1,0,2,1,1,1,0,0,0,0,0,0,0,2,0,1,0,1,1,0,0,1,0,2,0,0,0,0,1,0,1,1,0,0,1,0,0,0,0,1,1,0,0,0,0,0,2,0,0,1,2,0,1,0,0,0,0,0,1,1,1,0,0,1,0,1,1,0,1,0,1,1,1,3,0,4,1,1,1,0,0,2,0,1,2,1,0,0,6,1,1,0,0,0,0,0,2,3,3,0,0,1,0,1,0,0,0,2,0,0,0,2,0,0,0,1,0,0,0,0,1,0,0,0,1,0,3,1,0,0,1,0,1,1,0,0,1,1,1,1,0,1,0,3,1,0,3,0,0,1,0,0,0,3,0,1,1,0,0,0,1,0,0,0,0,2,1,1,1,0,1,3,0,0,0,0,0,0,2,1,0,2,0,0,1,0,1,0,0,0,1,0,0,0,1,1,1,1,0,2,1,1,2,0,1,0,2,0,0,2,1,3,0,0,0,1,0,0,0,0,2,1,0,0,0,0,0,0,0,0,1,1,0,1,0,0,0,0,1,0,0,0,0,0,0,0,0,0,2,0,0,0,1,1,0,0,0,0,0,2,0,0,0,0,0,0,0,1,0,2,1,0,1,0,2,0,0,0,1,1,0,0,0,0,0,0,0,1,1,0,0,0,0,0,1,1,1,2,2,0,1,0,0,0,0,2,0,0,1,0,0,0,0,0,1,0,0,0,2,0,0,2,2,0,0,0,0,3,0,0,1,0,0,0,1,0,1,0,0,1,0,0,0,0,0,0,1,1,0,0,0,1,1,1,0
CXCL17,0,0,1,0,0,0,0,0,0,0,0,0,0,0,0,0,0,0,0,0,0,0,0,0,0,0,0,0,0,0,0,0,0,0,0,0,0,0,0,0,0,0,0,0,0,0,1,0,0,1,0,0,0,0,0,0,0,0,0,0,0,0,1,0,0,0,0,0,0,0,0,0,0,0,0,0,0,0,0,0,0,0,0,0,0,0,0,0,0,0,0,0,0,0,0,0,0,0,0,1,0,0,0,0,3,0,0,0,0,0,1,0,0,0,0,0,0,0,0,0,4,0,1,0,0,0,0,1,0,0,0,0,0,0,0,0,0,0,0,0,0,0,0,0,2,0,0,0,1,0,0,0,0,0,0,0,0,0,0,0,0,0,0,0,0,0,0,0,0,0,0,0,0,0,0,0,0,0,0,0,0,0,0,0,0,0,0,0,0,0,0,0,0,0,0,0,0,1,0,0,0,0,0,0,0,0,0,0,0,0,0,0,0,0,0,0,0,0,0,0,0,0,0,0,0,0,0,0,0,0,0,2,0,0,0,0,0,2,0,0,0,0,0,0,0,0,0,0,0,0,0,0,0,0,0,0,0,0,0,0,0,0,1,0,0,0,0,0,0,0,0,0,2,0,0,0,0,0,0,0,0,0,0,0,0,1,0,0,0,0,0,0,4,0,0,0,0,0,0,0,0,0,0,0,0,0,0,0,0,0,0,0,0,0,0,0,0,0,0,0,0,2,1,0,0,0,0,0,0,0,0,1,0,1,0,0,0,0,0,1,1,0,0,0,0,0,0,0,0,0,0,0,0,0,0,0,0,0,0,0,0,0,0,0,0,0,0,0,0,0,0,1,0,0,0,0,0,0,0,0,0,0,0,0,0,0,1,0,0,0,2,0,0,0,0,0,0,0,0,0,3,0,0,0,0,0,0,0,0,0,1,0,0,0,0,0,0,0,0,1,0,0,1,0,0,1,0,0,0,0,0,3,0,1,1,2,0,1,0,0,0,0,0,0,0,0,0,0,0,1,0,2,0,1,0,0,1,0,0,0,0,0,0,0,0,1,0,0,0,0,0,0,0,0,0,0,0,0,0,0,0,0,1,0,0,0,0,0,0,0,0,0,0,0,0,0,0,0,0,0,0,0,0,0,0,0,0,0,0,0,0,0,0,0,0,3,0,0,0,0,0,0,0,0,0,0,0,0,0,0,0,0,0,0,0,0,0,0,0,0,0,0,0,1,0,0,1,0,0,0,0,1,0,0,0,0,0,0,0
SERPINA1,3,8,9,9,2,1,12,6,7,0,6,6,0,12,12,14,3,11,7,2,6,9,0,13,2,2,4,8,6,1,12,8,15,2,2,6,7,1,4,1,0,3,6,18,16,0,6,1,18,4,18,2,34,10,26,0,14,3,9,16,8,4,13,9,2,0,0,13,4,0,6,0,26,3,9,4,2,6,3,5,6,0,6,4,6,6,0,13,16,0,1,12,0,1,0,3,5,2,6,10,25,4,2,5,4,1,6,2,21,5,23,3,2,0,9,4,0,1,0,6,5,5,6,8,0,7,17,3,15,5,2,8,1,2,6,2,14,13,3,1,6,4,1,2,1,4,5,53,1,9,14,10,2,9,16,0,10,2,8,2,3,0,4,4,8,11,14,3,1,2,6,4,2,4,2,13,2,0,3,7,1,9,9,8,34,1,1,1,4,4,10,1,7,3,1,28,1,4,14,12,7,0,0,5,6,5,31,18,2,2,7,10,12,0,9,2,0,18,0,0,15,12,7,0,5,0,1,8,3,7,1,4,0,3,11,6,4,6,16,5,8,1,1,10,5,5,17,2,1,4,11,5,0,5,4,2,16,2,3,0,10,4,8,10,10,7,10,11,6,4,6,1,3,4,5,2,10,13,0,75,7,21,2,9,0,10,1,6,8,34,8,8,9,12,29,6,5,1,6,2,17,13,4,1,21,44,6,8,0,2,7,13,1,4,16,5,5,0,11,1,0,14,4,0,66,1,2,6,17,1,0,4,2,11,15,0,8,5,5,3,16,1,8,5,2,3,1,8,18,16,17,16,4,3,1,7,0,3,9,1,4,0,4,0,3,14,13,7,3,16,6,3,15,7,17,11,0,4,9,4,5,4,4,4,1,15,4,2,17,26,6,4,4,6,1,4,6,0,2,6,4,10,18,5,11,0,16,0,9,21,7,0,1,27,7,7,3,1,12,10,7,2,11,0,7,1,5,9,5,14,5,14,9,6,1,3,14,19,1,1,10,1,15,2,11,7,37,12,20,10,15,2,4,8,2,55,24,11,2,0,4,1,4,1,1,23,0,2,1,11,20,6,0,9,3,8,1,8,17,2,0,0,6,12,15,9,1,13,6,4,6,20,1,0,4,0,15,6,19,1,4,5,2,2,7,3,5,5,1,5,3,28,22,4,2,5,0,3,2,3,24,1,11,2,1,7,1,0,23,0,7,9,4,2,5,6,0,6,4,6,3,0,8,6,0,0,1,50,1,4,3,7,12,9,0,11,5,11,6
PARP1,3,8,3,5,1,2,3,2,5,5,3,0,0,3,3,8,3,7,4,2,4,6,1,0,4,2,1,5,4,1,5,15,3,6,2,3,3,1,0,0,0,3,4,2,3,0,2,0,1,4,5,12,12,5,4,0,3,1,1,3,9,0,2,3,1,1,0,4,0,0,1,2,9,3,3,3,3,11,3,5,8,1,1,5,3,3,1,1,9,0,4,3,5,0,2,7,2,0,2,1,4,2,1,2,6,1,0,8,3,2,3,0,0,6,7,1,0,5,0,4,4,5,2,1,0,2,7,0,9,1,1,6,0,1,0,2,3,5,2,0,3,0,1,0,2,1,3,6,0,5,5,0,3,2,2,0,5,0,7,2,2,2,0,13,6,4,7,4,0,2,1,0,1,0,1,8,2,0,1,5,0,3,4,11,2,4,1,3,2,1,7,1,4,5,0,7,0,2,3,3,4,3,0,4,0,2,6,6,2,3,3,5,6,0,7,1,0,4,3,1,3,6,1,0,1,1,3,0,0,3,0,3,0,1,2,2,2,6,5,3,5,1,1,3,2,4,2,1,0,3,16,0,0,1,6,4,5,2,10,0,1,1,5,5,2,2,2,6,8,3,4,1,4,6,9,4,5,6,0,1,7,10,1,5,1,5,6,0,4,4,4,1,12,15,3,4,4,3,0,3,6,5,7,0,2,9,0,9,0,1,7,0,1,1,6,1,2,3,0,3,0,4,4,0,2,0,7,2,3,0,1,7,2,1,1,2,6,4,3,3,7,0,0,3,0,0,0,4,5,0,7,0,2,0,0,1,0,1,1,0,1,0,7,0,6,3,9,2,10,12,5,6,3,1,8,2,0,8,4,6,4,3,3,6,0,10,5,3,5,1,3,0,4,1,1,2,4,0,0,2,4,2,3,5,0,0,2,0,8,10,3,0,0,1,6,1,0,0,1,6,1,4,1,0,3,2,6,12,2,5,2,10,3,14,3,3,1,13,0,2,4,0,1,3,8,4,10,4,17,4,5,3,2,4,1,3,4,5,3,0,4,0,0,3,2,10,0,1,3,3,9,1,0,3,3,2,6,0,2,3,0,0,2,5,8,3,1,8,5,0,8,12,0,0,5,0,1,3,11,0,2,6,2,0,2,1,6,3,0,6,2,2,4,1,0,4,0,0,1,0,3,0,5,1,0,3,10,0,21,0,0,5,8,3,3,4,1,3,1,2,1,1,6,2,0,0,7,6,0,1,3,4,2,3,0,8,5,2,1
EEF2,21,45,44,59,12,23,46,28,19,22,32,5,0,54,50,74,15,39,24,46,8,56,1,38,34,21,9,26,45,14,18,7,26,14,3,39,46,25,3,34,0,32,19,22,35,0,21,0,18,15,29,39,62,22,35,0,41,2,12,29,26,27,22,51,13,15,3,27,1,2,5,5,65,22,58,25,21,28,7,11,34,6,7,24,25,15,3,16,46,4,27,45,20,9,7,60,39,8,43,48,40,6,28,35,43,37,35,39,49,21,61,17,10,9,25,6,1,39,1,44,12,44,40,19,5,31,19,33,41,54,14,34,4,20,5,2,38,32,96,0,73,8,53,32,13,26,4,42,1,53,45,11,18,45,25,0,72,6,44,22,16,19,2,34,65,59,49,22,5,9,20,28,9,12,9,25,25,27,2,30,8,29,23,45,57,24,8,22,70,16,62,19,23,87,23,41,0,9,35,8,49,105,22,19,14,40,71,27,7,11,24,41,47,3,29,6,9,60,4,9,48,66,41,8,29,5,6,35,14,14,0,32,10,15,26,35,23,13,32,62,40,6,10,13,23,45,13,37,5,11,53,27,1,53,10,23,32,18,30,1,35,11,37,52,36,28,32,40,49,66,30,8,15,36,49,14,51,64,2,45,26,61,48,60,18,46,19,45,39,47,25,3,34,49,54,26,22,18,55,51,49,52,34,4,38,53,34,32,0,2,36,28,28,12,43,27,14,3,14,16,4,21,19,1,26,8,30,8,28,5,24,13,12,36,48,4,28,44,43,30,51,1,56,50,22,47,1,30,73,6,40,34,56,2,1,10,0,16,23,4,1,0,53,13,33,37,63,69,21,27,24,46,51,22,65,42,1,27,48,30,37,46,22,13,17,32,18,19,51,34,12,5,33,16,6,24,12,1,31,36,23,41,47,30,5,15,48,0,92,12,66,0,0,65,39,4,1,0,28,18,17,37,21,1,25,15,28,18,67,70,33,37,30,43,16,12,15,88,1,14,13,2,15,4,66,56,49,42,82,21,28,16,4,56,9,61,125,18,13,0,74,0,17,28,4,50,0,10,4,26,54,44,0,38,9,9,11,48,57,10,1,6,18,65,52,29,11,65,32,34,26,34,12,0,52,2,18,27,62,31,31,38,40,0,97,3,14,43,1,43,48,20,45,5,7,43,2,44,14,16,63,4,28,11,5,47,67,0,24,1,16,78,43,21,25,51,0,29,15,34,29,7,63,20,1,2,28,48,3,21,36,40,29,27,1,44,28,47,33
EEF1B2,15,51,50,63,7,28,30,31,20,28,16,6,1,33,32,54,2,32,20,44,8,28,0,65,39,20,18,19,34,19,21,38,26,25,7,26,25,22,16,21,1,34,27,14,21,0,19,2,22,41,36,31,57,16,32,1,13,1,14,21,62,21,28,43,10,12,0,31,1,0,7,3,46,26,90,29,30,54,13,17,45,3,7,21,37,18,13,20,45,0,31,45,22,7,11,59,45,19,58,45,83,4,9,28,57,44,35,34,56,15,36,15,9,7,19,11,0,27,2,61,10,38,29,18,10,46,23,38,64,58,16,31,4,17,15,17,26,76,61,0,41,20,39,9,19,23,12,76,1,43,47,11,18,16,38,1,51,3,49,17,9,18,5,128,40,30,30,44,9,9,40,34,18,1,11,15,21,29,7,23,10,27,51,61,72,21,20,23,41,26,58,15,11,52,29,33,3,12,31,8,62,47,10,15,6,50,89,21,2,34,33,14,60,2,27,6,2,83,3,8,41,44,29,1,29,3,12,35,17,9,0,28,5,9,26,32,40,16,43,56,59,11,10,18,22,51,28,36,7,17,97,23,0,44,14,25,47,16,55,0,50,11,60,55,23,31,37,31,44,39,24,14,31,54,55,11,38,28,2,63,51,35,29,65,15,55,22,26,31,60,27,5,47,29,63,22,33,9,25,70,58,27,80,6,27,32,34,63,2,2,46,34,57,16,47,53,14,3,5,6,4,30,13,5,10,5,19,18,31,18,22,26,20,21,38,8,27,35,27,50,52,5,25,43,17,44,0,31,32,10,46,34,54,4,1,11,0,16,20,3,6,2,53,8,38,29,61,63,26,29,20,40,36,19,99,67,0,33,21,37,36,66,23,17,22,78,17,23,44,42,17,8,20,20,6,25,8,1,40,29,23,34,51,89,16,14,26,1,91,29,39,0,0,56,42,9,5,0,16,21,20,25,13,0,14,16,30,36,41,67,38,25,49,21,11,16,19,33,1,13,23,1,16,10,41,46,52,41,63,5,18,21,7,46,12,81,77,18,7,2,93,1,30,22,7,36,1,23,3,42,64,40,0,42,13,13,20,26,57,24,1,1,11,77,43,12,4,42,39,12,15,41,4,1,48,1,32,35,48,20,34,27,20,2,61,2,24,21,1,44,19,9,28,7,4,23,2,47,14,19,36,16,25,11,3,35,45,1,66,2,11,74,34,15,15,54,1,32,14,20,33,13,51,5,1,0,12,55,3,9,22,38,27,41,0,53,21,35,54
RPL35,29,139,101,144,35,42,102,91,63,66,45,45,7,98,111,140,31,109,68,129,6,83,0,162,86,46,37,64,74,64,59,121,89,62,24,78,79,99,32,56,4,73,51,101,83,2,71,5,69,100,126,60,141,53,61,3,80,2,38,67,106,70,65,87,38,84,5,110,20,0,33,4,150,61,179,57,88,184,38,40,108,12,48,93,73,20,13,69,103,13,102,102,71,30,38,121,65,30,115,106,158,5,78,51,113,139,101,83,111,53,89,41,37,41,43,44,2,80,21,116,69,111,82,34,20,97,86,74,194,115,70,75,6,44,25,33,85,172,153,32,117,62,53,52,67,86,44,149,5,127,103,26,46,106,66,3,93,9,102,63,47,89,10,265,109,79,93,88,14,49,121,81,37,48,36,66,55,42,33,76,32,79,132,183,158,73,66,75,155,87,116,53,59,142,82,115,5,53,61,34,193,139,39,38,38,113,168,98,6,74,61,70,173,25,68,17,40,194,51,21,57,122,98,19,82,7,41,123,53,51,0,25,18,30,93,82,74,86,91,114,170,43,32,86,105,92,98,81,20,47,233,62,1,134,45,74,95,45,92,0,121,36,109,92,68,94,146,91,150,86,71,23,80,103,184,49,112,139,2,192,124,179,55,113,36,92,33,115,106,114,77,15,203,120,117,70,59,7,110,143,145,94,212,6,140,85,123,128,1,6,151,101,110,78,148,73,70,22,25,16,10,76,31,15,51,24,58,43,80,72,87,43,35,51,88,48,69,96,89,90,130,33,84,96,49,98,11,95,133,16,223,54,115,24,2,35,0,77,61,0,16,8,90,8,94,64,143,169,78,128,89,130,49,67,235,164,2,83,100,112,74,123,79,62,53,176,67,77,93,114,56,38,56,62,23,66,44,1,145,41,90,94,112,222,36,134,75,3,195,110,106,3,7,140,88,38,1,18,56,115,44,68,71,2,85,51,92,133,121,167,60,67,115,58,29,45,80,160,4,28,77,17,63,37,96,111,117,99,187,55,68,64,23,107,31,218,162,69,40,5,202,8,88,54,26,102,1,89,19,97,209,75,0,105,71,33,51,79,141,70,3,11,65,191,91,51,26,96,112,51,52,137,40,9,129,6,95,103,101,34,86,81,88,4,145,16,87,57,5,106,87,80,105,19,17,78,0,98,58,67,122,49,64,23,10,132,43,0,105,1,30,149,125,51,58,99,2,92,58,90,84,58,144,23,2,1,75,167,21,31,69,90,79,108,0,171,49,181,119
OLFML3,0,0,0,0,1,0,2,1,0,0,0,0,0,0,0,0,0,1,0,4,1,0,0,0,1,0,0,4,0,0,1,0,0,1,0,0,0,1,0,0,0,0,1,0,2,0,1,0,0,0,0,2,1,0,1,0,1,0,0,2,0,0,0,0,0,1,0,1,0,0,2,0,4,1,0,1,1,0,0,0,2,0,2,0,2,0,0,1,0,0,0,2,1,0,0,0,0,0,0,2,1,0,1,1,1,1,0,1,0,0,0,0,0,0,1,0,0,0,0,0,2,0,0,0,0,1,1,2,0,0,0,0,0,0,0,1,0,0,0,0,1,0,0,0,1,1,0,0,1,0,0,0,0,0,0,0,0,0,0,0,2,0,0,0,0,0,3,0,0,0,0,0,0,1,0,0,0,2,0,0,0,1,1,2,0,0,0,1,0,0,1,0,0,1,0,0,0,0,0,0,0,0,0,2,0,0,0,0,1,0,1,1,1,0,1,0,0,0,0,0,1,3,1,0,1,0,0,0,0,0,0,0,0,0,0,0,0,1,0,0,0,0,0,1,0,0,1,1,0,0,0,1,0,0,1,0,1,0,0,0,0,0,0,0,0,0,0,1,2,1,1,2,0,0,0,0,0,2,0,0,0,1,0,0,0,0,0,0,0,0,1,0,0,0,1,1,1,0,0,0,0,0,0,0,0,0,0,1,0,0,0,4,0,0,0,0,0,0,0,0,0,0,0,0,1,0,0,0,0,0,0,0,0,1,3,0,0,1,0,1,0,0,0,0,0,1,0,4,0,0,0,0,0,0,0,0,0,0,0,0,0,0,1,1,0,1,0,2,3,2,0,0,2,0,0,0,0,0,0,2,0,0,1,0,0,0,1,0,2,2,0,0,0,1,0,0,0,0,0,1,1,0,0,0,0,0,4,0,0,0,0,0,0,0,0,0,0,0,0,0,0,0,0,0,0,0,0,0,0,1,1,4,0,1,0,1,0,2,0,0,0,0,0,0,1,2,2,0,6,0,5,0,0,0,0,3,1,0,1,0,1,0,0,0,1,0,0,1,0,0,1,0,0,0,0,2,0,0,0,0,0,0,0,0,0,1,0,0,1,0,0,1,0,0,0,0,2,0,1,0,0,0,0,0,0,0,0,0,0,0,0,0,4,0,0,0,0,1,1,0,0,0,0,0,0,0,0,0,0,0,0,0,2,0,0,0,0,0,0,0,0,0,0,0,0,0,0,0,0,0,0,0,0,0,0,0,0,0,3
HBA2,0,0,0,0,0,0,0,1,0,0,0,0,0,0,0,0,0,0,0,0,1,0,0,0,0,0,1,0,0,0,0,0,0,0,0,0,0,0,0,0,0,0,0,0,0,0,0,0,1,0,0,0,0,0,0,0,0,0,0,0,0,0,1,0,0,0,0,0,0,0,0,0,0,0,0,1,0,0,0,0,0,0,0,0,1,1,0,0,0,0,0,0,0,0,0,0,0,0,1,1,0,0,0,0,0,1,0,0,1,0,0,0,0,0,0,0,0,0,0,0,0,0,0,0,0,0,1,0,0,0,0,1,0,0,0,0,2,1,0,0,3,0,0,0,0,0,0,0,0,0,0,0,0,0,0,0,0,0,0,0,0,0,0,0,0,0,0,0,0,0,0,0,0,0,0,0,0,0,0,0,1,0,0,0,1,1,0,0,0,2,0,0,0,0,0,0,0,0,0,0,2,0,0,0,0,0,2,0,0,1,0,0,2,0,1,0,0,1,0,0,0,1,0,0,0,0,1,1,0,0,0,0,0,0,0,0,0,1,0,0,0,0,0,1,0,0,0,0,0,1,1,1,0,1,0,0,0,0,0,0,0,0,1,1,0,1,0,0,0,3,1,0,1,0,0,0,1,0,0,1,0,0,0,1,1,0,0,0,0,0,0,0,0,0,1,0,0,0,0,0,0,0,0,0,0,1,1,0,0,0,0,0,0,0,1,0,1,0,0,0,0,1,0,0,0,0,0,0,1,0,1,0,0,1,1,0,2,0,0,1,2,0,0,1,0,0,0,0,0,0,0,0,0,0,0,0,0,0,0,0,0,0,0,0,0,1,0,0,0,0,0,1,0,0,0,0,0,1,0,0,2,1,0,0,0,0,0,0,0,0,0,0,0,0,0,1,0,0,0,0,0,0,1,0,1,1,0,0,1,0,1,0,0,0,0,1,0,0,1,1,0,0,0,0,0,0,0,2,0,1,1,0,0,2,0,0,1,0,0,0,0,0,0,0,0,0,1,0,0,0,0,1,0,0,0,1,0,0,0,0,2,0,0,0,0,0,0,0,0,0,1,0,0,0,1,0,0,0,0,0,0,0,0,1,1,0,1,0,0,0,0,1,0,0,0,0,0,0,1,0,0,0,1,0,0,1,0,0,0,3,0,0,0,0,0,0,0,0,0,0,0,0,0,0,0,0,0,0,0,0,0,0,1,1,1,0,0,2,0,1,0,0,0,0,0,0,1,2,0,0,0,0,0,0,0,1,0,0,0
IGHG4,0,0,0,0,0,0,0,0,0,0,0,0,0,0,0,0,0,0,0,0,0,0,0,0,0,0,0,0,0,0,0,0,0,0,0,0,0,0,0,0,0,0,0,0,0,0,0,1,0,0,0,0,0,0,0,0,0,0,0,0,0,0,0,0,0,0,0,0,0,0,0,0,0,0,0,0,0,0,0,0,0,0,0,0,0,0,0,0,0,0,0,0,0,0,0,0,0,0,0,0,0,0,0,0,0,0,0,0,0,0,0,0,0,0,0,0,0,0,0,0,1,0,1,0,0,0,0,0,0,0,0,0,0,0,0,0,0,0,1,0,0,0,0,0,0,0,0,0,0,0,0,0,0,0,0,0,0,0,0,0,0,0,0,0,0,0,0,0,0,0,0,0,0,0,0,0,0,0,0,0,0,0,0,0,0,0,0,0,0,0,0,0,0,0,0,0,0,0,0,0,0,0,0,0,0,0,1,0,0,0,0,0,0,0,0,0,0,0,0,0,0,0,0,0,0,0,0,0,0,0,0,0,0,0,0,0,0,0,0,0,0,0,0,0,0,0,0,0,0,0,0,0,0,0,0,0,0,0,0,0,0,0,0,0,0,0,0,0,0,0,0,0,0,0,0,0,0,0,0,0,0,0,0,0,0,0,0,0,0,0,0,0,0,0,0,0,0,0,0,0,0,0,0,0,0,0,0,0,0,0,0,0,0,0,0,1,0,0,0,0,0,0,0,0,0,0,0,0,0,0,0,0,0,0,0,0,0,0,0,0,0,0,0,0,0,0,0,0,0,0,0,0,0,0,0,0,0,0,0,0,0,0,0,0,0,0,0,0,0,0,0,0,0,0,0,0,0,0,0,0,0,0,0,0,0,0,0,0,0,0,0,0,0,0,0,0,0,0,0,0,0,0,0,0,0,0,0,0,0,0,0,0,0,0,0,0,0,0,1,0,0,0,0,0,0,0,0,0,0,0,0,0,0,0,0,0,0,0,0,0,0,0,0,0,0,0,0,0,0,0,0,0,0,0,0,0,0,0,0,0,0,0,0,0,0,0,0,0,0,0,0,0,0,0,0,0,0,0,0,0,0,0,0,0,0,0,0,0,0,0,0,0,0,0,0,0,0,0,0,0,0,0,0,0,0,0,0,0,0,0,0,0,0,0,0,0,0,0,0,0,0,0,0,0,0,0,0,0,0,0,0,0,0,0,0,0,0,0,0,0,0,0,0,0,0,0,0,0,0,0,0,0,0,0,0,0,0,0,0
SFTPA1,0,1,0,0,2,0,0,1,0,1,0,1,0,0,0,0,1,0,0,0,0,0,0,0,0,0,12,13,19,0,0,0,0,1,0,0,19,0,0,0,0,1,27,0,0,0,1,0,0,3,0,0,0,7,0,0,0,0,30,7,0,2,38,52,2,0,0,0,0,0,0,0,0,0,0,2,0,0,1,0,0,0,8,0,0,0,0,1,0,0,2,0,0,0,0,1,0,0,0,0,3,0,17,3,0,9,0,0,0,0,82,0,0,0,0,0,0,0,0,0,1,1,0,0,0,0,0,0,0,0,6,0,15,1,0,0,0,0,78,0,2,28,0,0,19,0,0,1,0,0,1,0,0,0,0,0,2,0,1,0,1,0,1,0,1,0,10,3,3,0,0,1,0,0,0,1,0,0,25,43,0,1,0,1,0,1,0,0,1,1,0,0,0,2,35,0,0,0,1,0,0,158,0,0,0,48,0,11,0,3,0,0,1,0,0,6,0,2,0,0,0,0,26,0,10,0,0,61,0,7,0,0,0,6,0,0,10,1,0,1,0,1,0,0,61,14,0,0,0,0,0,0,0,0,0,7,0,7,0,0,0,1,40,0,1,0,0,1,0,0,0,0,0,0,0,0,0,0,2,0,0,0,7,0,0,0,21,0,0,1,0,0,1,0,0,0,3,0,0,1,4,1,0,0,0,0,1,0,0,0,0,0,38,1,0,40,0,1,0,0,0,1,3,0,0,0,11,0,0,1,1,0,10,25,0,0,0,3,1,0,0,13,4,0,0,0,0,0,0,0,1,0,0,0,0,0,0,1,0,0,0,0,45,0,10,0,0,0,8,1,0,10,3,1,0,0,0,0,0,11,0,6,0,0,0,4,1,0,2,0,14,0,2,0,0,0,0,0,35,1,2,1,1,2,0,0,0,0,2,0,11,0,0,0,35,0,0,0,0,0,0,10,0,0,0,14,8,0,0,0,0,1,0,0,0,3,0,0,3,0,0,1,1,1,0,5,0,0,5,0,0,2,0,0,1,0,1,0,1,0,13,0,9,5,0,1,0,0,1,7,2,0,0,1,21,0,2,0,0,0,0,0,1,11,0,0,13,4,85,4,0,1,34,0,0,0,0,0,0,0,6,0,0,0,8,0,2,1,0,3,0,0,0,0,0,1,0,0,0,1,0,0,0,0,0,0,3,0,0,0,0,1,0,1,1,2,0,2,0,0,0,0,5,1,0,0,1,0,0,45,5,4,0,0,1,1,4,0,16
HBB,1,1,0,1,1,0,1,1,0,0,0,0,0,0,1,0,0,0,0,0,1,1,0,1,0,0,1,3,0,0,0,0,1,0,0,3,0,0,0,0,0,0,1,0,0,0,1,0,0,1,1,2,0,0,2,1,0,0,0,0,1,0,2,0,0,1,0,1,0,0,0,0,1,0,0,0,0,2,0,1,1,0,0,0,0,0,0,1,2,0,0,1,0,0,0,1,0,0,1,2,1,0,1,1,2,1,3,2,2,0,1,0,0,0,1,0,0,0,0,0,1,1,0,1,1,1,2,1,1,1,0,2,0,1,0,0,0,0,2,0,0,0,0,0,1,0,1,0,0,1,0,0,0,0,0,0,0,0,0,0,1,1,0,1,0,0,1,0,0,0,0,0,1,0,0,0,0,0,1,0,0,1,0,0,0,1,0,0,1,2,0,0,0,1,0,0,0,0,0,0,0,0,0,1,1,0,1,1,1,0,0,0,1,0,1,0,2,3,0,0,0,1,1,0,1,0,0,0,0,1,0,0,0,0,2,1,1,3,2,2,0,2,0,0,1,0,1,0,1,2,0,0,0,2,0,0,0,0,0,0,2,0,1,0,0,0,0,0,2,1,0,0,1,0,0,0,0,1,0,0,0,0,0,2,0,1,0,0,0,1,0,0,2,1,1,0,0,1,1,0,0,0,2,0,1,3,0,2,0,0,1,1,1,0,0,1,0,1,1,0,0,0,0,0,0,0,1,0,0,0,2,1,0,0,1,0,0,0,1,1,1,0,1,1,1,0,0,0,0,0,2,0,0,0,0,0,0,1,0,0,0,1,2,0,0,0,0,1,1,4,0,1,1,1,3,3,0,0,1,1,1,1,0,0,0,1,0,0,0,1,0,0,0,1,0,0,0,0,1,0,2,0,2,0,0,1,0,0,0,1,0,0,0,2,3,1,0,0,1,2,0,0,0,0,0,0,0,0,1,1,1,1,1,1,0,0,2,0,0,0,1,0,0,0,0,2,0,2,1,0,0,0,0,1,0,0,1,0,0,0,0,0,0,0,0,1,0,0,0,0,1,0,0,1,0,0,0,1,2,0,0,0,0,0,1,0,0,1,0,1,0,0,2,0,0,0,0,0,2,0,1,0,0,0,1,0,1,0,0,0,1,1,0,0,1,1,0,0,0,1,0,1,1,0,0,3,1,0,1,0,0,0,2,3,0,4,0,0,2,1,1,0,2,1,0,0,1,0,0,0,0,0,2,1,0,1,0,1,1
CSNK2A1,0,1,0,0,0,1,0,0,1,1,0,0,0,0,0,2,0,0,1,0,2,1,0,3,0,0,1,0,1,1,1,0,0,1,0,0,2,0,0,0,0,0,0,2,1,0,0,0,1,2,1,0,2,1,1,0,0,1,0,0,2,0,0,0,0,0,0,0,0,0,0,0,1,1,0,1,0,0,0,0,0,0,0,1,0,0,0,0,2,0,1,0,0,1,2,0,0,1,2,3,0,1,1,2,0,0,1,0,1,1,2,0,0,0,0,1,0,2,0,0,3,0,0,0,0,0,2,1,1,1,0,1,0,1,0,0,0,1,0,0,2,0,2,1,1,0,0,0,0,0,1,0,0,0,0,0,0,0,0,0,0,1,0,6,1,1,0,0,1,0,0,0,0,0,1,0,0,0,0,0,2,3,0,0,0,1,0,2,0,0,0,1,0,2,0,0,0,0,0,0,1,1,0,1,0,1,0,0,1,0,0,0,0,0,0,0,0,0,0,0,0,1,1,0,0,0,0,1,0,1,0,0,1,0,0,2,0,0,1,0,4,0,0,2,2,1,0,0,1,1,0,0,0,2,1,1,1,0,0,0,1,0,0,0,2,0,0,0,0,0,2,0,0,0,1,0,0,1,0,0,1,0,1,0,0,0,0,0,0,1,0,0,3,0,2,0,0,0,0,0,1,0,1,0,0,0,0,0,0,0,2,0,1,0,0,0,0,0,1,0,0,0,1,0,0,1,0,0,1,0,1,1,0,2,1,0,1,1,2,1,2,0,0,1,1,0,0,0,0,0,1,2,2,0,0,0,0,0,0,0,0,0,1,0,3,0,0,1,0,0,0,0,2,1,1,0,0,0,1,1,0,1,0,0,0,4,0,1,1,1,0,0,0,1,0,0,1,0,0,0,1,0,1,2,0,0,1,0,4,1,2,0,0,0,0,0,0,0,0,1,0,0,0,0,1,0,0,1,1,3,0,1,2,1,0,0,1,1,0,0,0,0,0,0,0,0,2,0,1,0,0,1,0,0,0,0,0,0,0,0,2,0,1,0,0,1,0,0,0,0,0,3,0,1,0,0,0,0,3,1,0,0,0,0,2,1,0,0,0,1,1,1,0,0,2,0,2,0,1,0,1,0,0,0,2,0,0,1,0,0,1,0,1,0,0,0,0,1,0,0,2,0,2,0,0,0,1,0,3,0,0,2,1,0,0,0,0,0,0,0,0,0,0,1,0,0,2,0,0,0,0,1,0,0,0,0,0,0,0
HBA1,0,0,0,0,0,0,0,0,0,0,0,0,0,0,0,0,0,0,0,0,0,0,0,0,0,0,0,0,1,0,0,1,0,1,1,0,0,0,1,0,0,0,0,0,1,0,0,0,0,0,0,0,0,0,0,0,0,0,0,0,0,0,0,0,0,0,0,0,0,0,0,0,1,0,0,1,0,1,0,0,0,0,0,1,0,0,0,0,0,0,1,0,1,0,0,0,0,0,0,0,0,0,0,0,0,0,0,0,0,0,0,0,0,0,1,0,0,0,0,1,0,0,0,0,0,0,1,0,0,0,0,0,0,0,0,0,0,0,1,0,0,0,1,0,0,0,0,1,0,0,0,0,1,0,0,0,0,0,0,0,0,0,0,0,0,0,0,0,0,0,0,0,0,0,0,0,0,0,0,0,0,0,0,0,0,0,0,0,0,0,0,0,1,0,0,0,0,0,0,0,0,2,0,0,0,0,0,0,0,0,0,0,0,0,0,0,0,0,0,0,0,0,0,0,0,0,0,0,0,0,0,0,0,0,0,0,0,0,0,0,0,0,0,0,0,0,0,0,0,0,0,0,0,0,0,0,0,0,0,0,0,0,0,0,0,0,0,0,0,0,0,0,0,0,0,1,0,0,0,2,0,0,0,0,0,0,0,0,0,0,0,0,1,1,0,0,0,0,0,0,0,0,0,0,0,0,0,0,0,0,0,0,0,0,0,0,0,0,0,0,0,0,0,0,0,0,0,0,0,0,0,0,0,1,0,0,0,0,0,0,0,0,1,0,0,0,0,0,0,0,0,0,0,0,0,0,0,0,0,0,0,0,0,0,0,0,0,0,0,0,0,0,0,0,0,0,0,0,0,0,0,0,0,0,0,1,0,0,0,0,0,0,0,0,0,0,0,0,0,0,0,0,0,1,0,0,1,0,0,0,0,0,0,0,1,0,0,0,0,0,0,0,0,0,0,0,0,1,0,0,0,0,0,0,0,1,0,0,0,0,0,0,0,0,0,0,0,1,0,0,0,0,0,0,0,0,0,0,0,0,1,0,0,0,0,0,0,0,0,0,0,0,0,0,0,0,0,0,0,0,0,0,0,0,0,1,0,1,0,0,0,0,0,0,0,0,0,0,1,0,0,0,0,0,0,0,0,0,0,0,0,0,0,0,0,0,0,0,0,0,0,1,0,0,0,0,0,0,0,0,1,0,0,0,0,0,0,0,0,0,0,0,0,1,0,0,0,0,0,0,0,0,0,0,0,0,0,0,0
TAOK1,0,2,4,2,0,0,0,1,0,0,1,2,0,0,1,0,1,1,0,0,1,0,0,1,1,0,0,0,0,0,1,0,0,0,0,0,0,2,0,1,0,0,0,0,1,0,0,0,1,0,1,0,0,1,1,0,1,0,1,2,1,0,1,0,1,4,0,0,0,0,0,0,1,1,1,0,0,0,1,0,0,0,0,1,0,1,0,1,0,0,2,0,1,1,1,3,0,0,1,0,2,0,0,3,0,1,0,0,4,2,1,0,0,1,2,1,0,0,0,3,1,0,0,0,0,0,0,2,1,0,0,0,0,0,0,0,0,4,0,0,1,0,0,1,0,0,0,2,0,1,2,1,1,3,1,0,3,0,0,0,0,0,0,4,1,0,1,1,1,3,0,0,0,0,0,2,1,0,0,0,0,0,0,1,0,1,1,1,1,0,1,0,1,0,2,1,0,1,1,3,2,0,1,1,0,1,2,5,0,0,1,0,0,1,1,0,0,0,0,0,0,3,1,0,0,0,1,0,1,0,0,2,0,0,1,1,1,1,0,1,1,0,1,1,1,1,2,1,0,0,1,0,0,0,0,0,2,0,1,0,1,0,0,2,1,0,0,0,0,0,0,0,1,0,1,3,2,1,1,3,0,2,3,1,0,1,0,0,1,4,0,0,3,0,1,2,0,0,1,1,0,1,1,0,2,1,3,1,0,0,0,2,1,0,1,1,0,0,2,0,0,1,1,1,0,0,0,0,0,0,0,3,0,0,2,0,2,0,0,1,0,0,1,1,0,1,2,0,0,0,0,0,2,0,0,0,0,0,1,0,0,0,0,0,2,0,0,1,0,0,0,4,1,0,0,0,0,0,0,0,1,0,1,1,0,1,0,0,1,0,0,0,1,5,0,0,0,0,2,2,0,1,1,0,1,1,0,0,3,2,1,0,0,0,1,0,1,0,1,0,0,0,2,0,0,1,1,0,0,1,0,1,0,2,2,0,3,3,0,0,0,0,1,0,1,0,0,1,2,0,2,2,0,1,0,1,1,0,1,0,2,0,1,2,0,1,0,0,0,1,2,0,0,2,1,0,0,0,0,0,0,0,1,3,0,0,1,1,0,0,0,0,1,0,0,0,1,0,1,2,0,2,1,0,0,0,1,0,0,0,0,2,0,0,1,0,0,0,1,1,0,1,0,1,0,1,2,0,0,0,1,1,0,1,0,0,0,0,1,1,3,0,0,0,0,0,0,0,0,0,1,0,0,1,1,0,2,1,0
S100A8,0,0,0,0,0,0,0,0,1,0,0,0,0,0,1,0,0,0,1,3,0,0,0,1,0,0,0,0,2,0,1,0,0,0,0,0,0,1,0,0,0,0,1,0,0,0,1,0,0,0,0,0,1,0,0,0,0,0,0,0,0,0,0,1,0,0,0,2,0,0,0,2,0,0,0,0,0,1,1,1,1,0,1,1,0,0,0,0,0,0,0,0,0,1,0,0,0,0,2,1,1,0,0,0,0,1,0,0,1,0,0,0,0,0,0,0,0,0,0,1,1,1,0,1,1,0,0,0,1,0,1,1,1,0,0,0,0,0,0,0,0,0,0,0,0,1,0,0,0,0,0,0,1,0,0,0,0,0,0,0,1,1,0,0,0,1,1,0,0,0,0,0,0,0,0,0,0,0,0,1,0,0,0,1,0,0,1,0,1,0,1,0,0,0,0,1,0,0,1,0,0,0,0,0,0,0,0,0,0,0,0,0,1,0,0,0,0,0,0,0,0,1,0,0,0,0,0,0,0,0,0,0,0,0,0,0,0,0,0,0,1,0,0,0,0,0,0,0,0,0,0,0,0,1,0,0,0,0,0,0,0,0,0,0,0,0,0,1,2,1,0,0,0,0,0,0,0,1,0,0,2,0,1,0,0,1,1,1,0,1,0,0,3,0,0,0,0,0,1,1,1,0,1,0,0,0,0,0,0,0,0,0,0,1,0,0,1,0,0,0,0,1,0,0,0,0,0,0,0,0,0,0,1,0,0,0,0,0,0,0,0,0,1,0,0,0,0,0,0,0,0,0,1,0,0,0,0,0,0,0,1,0,1,0,1,0,0,1,0,0,0,0,1,0,0,0,0,0,0,0,0,2,0,0,0,0,0,0,0,0,0,0,0,1,0,0,1,0,0,0,1,0,1,2,0,0,1,0,2,2,0,0,0,0,0,0,0,0,0,0,0,1,0,0,0,0,0,0,1,0,1,0,0,0,0,0,0,0,0,0,0,0,1,2,0,1,0,0,0,0,0,0,0,0,0,0,1,0,0,0,0,0,0,0,0,0,0,2,0,3,1,0,0,1,0,0,15,1,0,0,1,0,0,0,1,0,0,1,1,117,0,1,0,0,0,0,1,0,0,0,0,1,1,0,0,0,0,0,0,0,0,0,1,0,1,0,0,0,0,1,0,0,0,0,0,0,0,0,0,0,0,0,0,0,0,0,0,0,0,0,0,0,0,1,0,1,1,0,0,0,1,0,0,0,0,2,0,2,0
THOC2,2,1,1,7,6,3,5,1,2,2,1,1,0,1,7,6,0,7,2,3,2,6,0,5,4,0,1,4,3,0,4,2,6,2,0,1,1,1,2,2,0,1,1,5,8,7,2,0,1,5,4,4,5,3,0,1,3,0,0,3,3,3,0,1,0,2,0,7,0,1,2,4,3,2,3,5,5,4,3,1,6,0,2,2,1,3,2,2,5,2,3,1,3,0,5,3,3,1,6,2,8,1,1,1,7,5,1,1,2,3,10,1,1,4,1,1,0,1,0,5,4,1,1,2,0,5,4,1,8,1,1,6,1,2,0,2,1,6,5,0,1,1,4,1,2,4,1,3,0,3,1,9,2,5,0,0,1,0,4,3,1,0,0,5,3,2,2,7,4,3,2,3,0,1,2,5,0,1,1,7,0,1,5,3,2,4,4,6,2,4,2,2,4,0,0,1,0,1,5,4,1,2,1,4,0,4,7,3,0,1,1,3,2,0,2,1,0,8,0,1,4,5,2,0,3,5,18,5,0,0,0,5,2,3,4,2,2,4,2,4,10,0,1,2,3,0,1,2,0,3,10,2,0,5,1,0,3,0,3,0,2,1,4,1,2,0,4,1,5,2,2,0,1,0,1,0,4,2,0,1,3,3,3,2,0,1,0,2,0,8,1,0,18,4,3,0,8,5,2,2,7,4,3,1,1,3,1,3,1,0,5,7,0,0,5,5,3,0,2,1,0,6,2,1,1,3,1,1,4,1,5,4,1,0,5,0,1,4,1,1,7,4,0,2,3,0,1,3,1,0,5,1,4,0,0,1,0,1,1,0,0,0,1,5,2,4,2,4,6,4,2,1,4,2,6,5,0,2,2,0,4,1,1,5,1,3,2,2,2,2,0,2,5,1,2,1,0,0,1,5,0,4,0,6,1,1,3,0,8,2,3,0,0,9,5,1,1,0,3,5,1,1,1,0,2,2,0,6,3,4,3,1,1,1,0,4,0,7,1,2,1,0,1,0,5,0,8,5,9,6,3,2,5,0,4,6,1,8,0,0,5,0,1,0,1,2,0,2,0,2,3,2,0,1,2,0,2,3,2,2,0,0,2,1,4,4,1,1,2,3,1,3,1,0,0,2,8,3,6,4,1,9,5,1,3,0,4,0,0,7,0,5,6,0,1,2,0,3,1,1,2,3,5,0,0,3,6,0,2,0,1,2,2,0,2,2,0,1,3,6,4,1,1,3,0,0,4,11,0,6,1,3,4,2,0,6,0,3,0
ACTR3,0,2,2,2,2,1,4,1,1,1,0,0,0,2,1,8,0,4,1,1,1,0,0,2,1,1,3,0,0,0,3,4,1,0,1,1,2,1,2,0,0,0,0,3,5,0,5,0,2,1,7,5,2,1,0,1,4,0,1,1,1,0,2,2,3,0,2,0,0,0,0,0,1,4,5,0,2,4,0,1,1,0,0,3,4,1,0,0,1,0,1,2,1,0,0,2,1,3,3,2,5,1,1,1,0,2,0,1,1,2,0,2,0,1,4,0,0,0,0,3,3,2,2,4,0,1,2,0,4,3,1,0,0,2,0,0,0,10,1,0,4,3,5,1,1,2,1,2,1,2,3,0,0,2,4,0,1,0,2,0,0,3,0,7,5,1,2,1,0,2,0,1,1,1,1,3,0,0,0,2,1,2,1,2,4,2,1,1,0,0,0,0,0,3,1,3,0,2,1,1,1,1,0,0,1,2,0,2,0,0,0,3,1,0,3,0,0,3,0,0,3,1,2,0,2,0,6,1,1,0,0,2,0,1,1,0,1,1,2,2,4,0,0,0,4,1,3,2,1,0,4,1,0,0,0,1,3,1,1,0,2,2,0,7,0,0,2,1,3,2,2,2,0,2,5,0,6,2,0,2,1,2,4,3,0,2,1,0,1,1,1,0,4,2,4,3,1,2,0,6,1,5,1,0,2,4,2,2,0,0,0,3,0,4,0,2,3,0,1,0,0,4,0,0,0,0,2,4,1,1,2,1,1,1,3,0,4,1,1,4,5,0,0,2,1,0,0,0,2,1,3,2,4,0,0,0,0,1,0,0,0,0,2,0,2,1,2,2,1,9,1,1,3,2,1,3,0,0,2,2,0,0,3,1,0,1,1,2,2,3,1,1,2,2,1,2,0,0,2,1,2,3,1,5,2,1,2,0,4,5,2,0,0,2,4,0,0,0,1,2,1,0,4,0,2,0,3,11,1,2,0,6,2,6,3,0,1,1,0,0,3,0,1,1,4,1,3,2,4,0,1,4,0,2,0,1,4,1,0,0,2,0,1,1,1,2,0,0,0,3,2,3,0,0,1,2,0,1,2,2,0,0,1,1,5,0,0,1,1,1,3,3,0,0,3,0,1,2,4,1,1,2,3,2,2,1,0,0,0,0,1,3,2,0,0,3,0,4,1,0,2,1,2,0,1,4,4,0,4,0,0,1,0,0,3,0,0,2,1,1,1,1,1,0,0,0,3,2,0,4,1,0,4,0,0,2,0,1,3
TXNDC17,5,12,7,7,6,3,8,5,19,12,9,2,0,2,8,9,4,9,10,2,2,3,0,7,4,4,5,2,6,2,7,14,16,5,3,15,6,13,4,4,0,8,2,16,27,1,5,2,13,8,3,3,15,11,9,1,5,0,9,4,14,3,10,14,2,3,0,5,0,1,2,0,12,15,6,8,7,39,4,3,16,0,5,32,7,0,22,6,17,1,31,9,6,5,2,7,4,6,7,5,43,0,7,4,11,8,3,1,9,4,14,3,3,2,10,6,0,4,1,14,16,6,5,5,0,8,15,5,11,2,5,9,1,7,4,1,8,20,12,0,8,6,10,2,4,6,13,6,1,5,6,0,2,9,9,0,9,2,11,2,0,7,0,71,6,3,5,5,5,1,5,4,3,2,9,10,2,0,3,9,2,10,11,16,18,6,2,4,5,12,8,16,19,7,4,11,3,3,6,6,9,11,0,4,6,3,7,15,2,4,6,6,13,1,6,0,12,16,6,1,3,10,6,0,3,1,7,11,4,4,0,1,3,2,5,16,4,11,17,8,70,1,6,6,12,6,9,6,0,6,81,1,0,3,6,7,13,4,3,0,4,7,9,14,9,9,9,18,19,7,12,2,3,3,86,5,3,17,0,13,16,21,6,6,2,8,1,5,4,25,6,0,143,4,8,5,4,0,5,6,10,15,34,7,12,11,5,12,0,2,17,4,4,9,14,12,10,7,11,3,0,11,3,5,3,0,6,7,14,5,2,3,11,3,8,3,33,4,7,9,43,6,8,26,1,5,0,7,6,0,142,12,1,1,0,2,0,6,18,1,1,0,7,3,8,14,4,8,3,10,5,12,14,4,50,19,0,2,3,10,4,21,5,10,2,14,5,5,7,8,6,5,1,3,1,4,7,0,8,11,6,6,9,55,16,3,8,2,15,20,9,0,3,6,10,2,3,0,5,18,2,10,2,0,22,4,8,44,4,12,5,14,11,17,1,3,17,25,0,0,8,2,5,5,7,11,8,11,18,8,10,13,1,13,2,13,2,6,0,2,10,0,11,3,1,14,0,11,4,6,13,3,0,8,8,2,2,5,18,7,2,1,2,12,18,11,6,8,24,1,5,18,1,0,2,0,20,10,16,3,2,18,10,0,7,3,12,5,0,8,6,10,8,1,2,10,0,14,8,5,11,6,8,1,0,8,3,0,18,0,1,35,5,4,21,9,0,18,15,5,4,0,9,4,0,0,16,8,0,3,8,3,0,3,0,10,8,38,12
SET,3,11,9,10,0,2,6,13,13,3,5,2,1,2,6,11,3,7,9,5,4,6,2,10,13,8,2,7,7,8,10,9,1,5,0,3,11,6,2,4,1,2,14,4,14,0,4,1,13,10,7,6,8,4,3,1,8,1,6,8,15,1,6,8,3,1,0,1,1,0,2,3,11,8,11,4,7,15,9,1,11,5,2,4,6,3,1,7,5,2,7,5,2,6,13,4,9,8,9,11,15,0,9,8,5,9,4,13,11,6,11,6,2,6,2,0,0,5,1,10,8,11,4,5,3,10,4,5,12,2,3,7,2,1,1,3,0,22,5,0,6,3,6,4,11,7,6,3,4,15,1,6,2,1,8,0,10,1,11,8,2,3,1,34,12,20,5,3,5,6,2,6,3,3,6,9,9,4,0,6,6,2,11,6,7,12,4,9,8,5,8,14,3,6,7,7,2,6,0,8,7,4,0,6,0,5,6,8,1,1,0,5,5,2,9,3,2,17,4,2,3,6,9,0,11,2,20,4,2,6,0,1,6,9,10,6,3,2,10,5,21,1,3,3,4,4,5,5,1,4,18,15,0,8,7,7,9,6,8,0,10,4,5,7,14,13,9,8,7,8,8,4,5,2,20,3,11,26,0,9,6,27,16,10,5,3,7,7,9,8,5,2,5,10,7,3,2,2,3,19,3,15,11,1,4,3,2,8,0,2,12,8,1,4,3,6,5,2,3,3,0,4,6,4,0,0,2,8,9,3,3,7,8,2,13,5,8,8,5,8,12,2,3,6,7,3,0,9,11,2,15,0,12,1,0,5,0,4,4,0,0,1,7,1,9,15,14,11,2,9,4,15,6,3,12,6,1,6,3,16,8,9,5,2,2,8,7,1,10,4,2,4,6,1,2,1,3,0,0,3,8,7,6,11,8,15,5,0,4,8,9,0,2,11,5,6,3,0,3,16,5,2,5,2,22,7,10,34,12,8,7,22,5,9,5,10,10,11,2,7,3,3,6,2,12,6,6,16,8,2,4,7,1,9,3,9,7,5,6,0,15,0,11,9,2,8,1,7,2,14,13,3,0,13,1,0,4,10,6,5,0,3,9,16,8,6,8,6,1,2,7,2,0,2,4,2,12,3,20,2,5,20,5,1,9,1,5,13,0,12,6,9,4,1,1,3,0,9,1,7,4,3,16,7,7,5,9,1,15,0,7,23,8,6,9,13,0,8,2,1,5,6,9,3,0,0,4,10,0,1,2,4,6,7,0,5,4,8,6
PSMB6,1,2,2,7,1,3,3,3,3,6,2,4,2,2,4,8,0,4,2,1,2,0,0,8,2,1,2,2,3,1,6,13,2,1,3,3,3,4,3,2,0,1,2,6,3,0,2,0,3,3,6,1,7,2,9,0,1,1,1,4,4,2,4,3,2,0,1,5,0,0,0,2,6,7,3,1,2,12,4,1,5,0,3,6,3,2,2,1,8,0,5,2,3,0,1,3,5,1,0,2,13,0,1,1,2,10,0,3,2,3,5,4,1,1,4,2,0,3,0,2,2,5,4,5,1,2,3,3,7,2,7,3,1,4,0,0,1,10,3,1,4,2,10,3,8,3,2,5,0,3,2,2,3,3,3,0,2,0,7,0,2,2,0,20,2,3,5,2,2,0,1,2,2,1,3,5,4,1,0,2,1,3,5,6,4,4,3,2,3,8,0,1,4,2,1,0,2,1,2,3,1,0,4,1,3,1,4,1,0,0,1,2,4,1,1,0,0,2,4,0,4,8,4,2,4,0,7,2,0,4,0,2,1,2,1,5,2,6,3,2,11,2,1,0,7,1,4,1,0,0,18,1,0,3,3,2,5,1,0,0,7,3,2,8,0,4,7,6,3,7,2,0,3,4,9,1,9,4,0,4,7,17,3,4,1,2,2,3,6,8,1,1,11,8,5,2,1,0,1,4,3,4,6,0,5,4,2,6,0,0,6,1,0,2,4,7,2,0,3,0,0,3,0,1,1,0,1,1,1,3,1,2,0,1,2,2,4,7,5,4,10,0,1,2,1,2,1,4,2,0,14,4,6,0,0,1,0,2,4,0,0,0,2,0,5,7,5,2,4,7,4,7,6,1,11,2,2,4,2,1,8,7,4,4,1,4,1,1,3,4,9,1,5,2,1,1,2,0,4,2,6,1,2,11,0,5,3,0,4,2,1,1,0,3,3,0,1,0,0,7,2,4,0,0,1,2,1,11,4,7,6,7,2,4,2,1,7,7,1,0,0,0,1,0,3,8,2,7,5,0,4,3,0,5,1,6,1,3,2,0,2,0,1,3,0,7,0,5,0,6,6,3,0,5,4,1,3,0,6,5,0,0,1,5,5,5,2,5,0,5,3,10,1,0,2,0,0,1,5,1,4,4,2,0,3,1,2,5,0,2,0,5,3,1,0,3,0,2,4,2,5,0,4,0,1,4,1,0,9,0,4,6,4,2,6,2,0,4,2,2,2,0,2,3,0,0,2,8,0,4,1,3,1,3,0,4,1,5,3
RACK1,46,139,111,189,25,64,122,121,41,96,51,58,4,100,160,198,23,137,73,122,8,116,2,169,108,36,40,66,92,60,58,52,81,71,14,87,113,111,52,68,1,105,68,117,74,2,80,6,47,100,93,102,107,57,75,3,75,7,56,75,97,81,91,109,54,71,8,126,13,5,30,9,150,69,185,67,77,98,42,28,117,4,45,99,72,17,8,94,152,8,106,154,99,21,22,176,105,38,108,141,143,15,55,84,197,129,80,97,143,65,131,44,31,35,54,25,2,107,8,140,31,124,99,38,10,111,69,72,159,127,52,96,17,43,10,43,101,124,120,0,120,37,110,60,43,58,33,108,5,137,111,45,67,95,92,2,131,9,135,62,36,56,13,268,127,89,121,102,33,15,97,106,45,26,29,68,76,38,46,99,30,94,155,193,163,101,48,65,216,70,111,38,75,161,74,99,2,50,85,37,196,164,36,57,19,107,176,94,4,39,86,83,142,12,97,9,17,233,29,18,124,171,138,12,109,10,46,140,46,64,2,57,15,41,105,120,58,97,79,148,120,36,21,63,82,108,81,107,35,61,156,52,0,120,46,81,124,46,139,2,146,55,126,107,117,92,163,92,179,143,60,14,72,107,173,57,114,132,2,174,131,119,92,156,46,120,48,134,106,111,81,16,117,142,175,48,71,12,100,175,150,113,121,6,113,133,111,88,1,6,103,76,75,64,185,93,82,15,24,31,8,79,43,15,63,11,81,49,80,63,96,49,47,67,109,26,76,122,65,117,171,24,138,165,37,121,7,95,123,19,162,81,144,17,3,14,1,80,59,4,8,7,119,9,80,84,127,214,73,73,114,111,60,67,253,134,3,111,112,109,79,147,88,75,35,189,86,86,101,65,63,33,57,75,25,57,43,3,147,87,38,133,124,131,34,82,93,3,248,58,119,1,2,197,158,33,8,0,67,91,43,97,64,2,52,46,94,59,159,185,107,85,89,46,28,39,52,126,3,38,43,2,55,11,142,127,156,134,206,36,83,57,31,122,27,224,250,94,31,5,279,3,82,72,21,161,3,66,21,120,243,118,0,115,38,54,42,134,137,58,1,7,81,170,148,66,27,176,137,80,64,116,23,1,129,10,77,114,93,32,75,89,121,7,198,27,79,102,3,119,97,59,109,23,8,102,0,141,58,92,154,36,76,36,5,136,112,1,119,3,45,181,157,54,63,142,0,110,43,111,109,32,142,56,3,0,103,140,5,35,117,85,91,107,0,171,93,120,117
MCFD2,3,1,1,0,1,0,1,0,1,3,0,0,0,0,4,6,0,3,1,1,1,1,0,1,0,0,1,2,4,0,2,4,0,0,0,0,1,1,0,1,0,0,1,2,2,0,0,0,3,0,4,4,1,3,5,0,2,0,4,2,3,1,1,0,0,1,0,1,0,0,2,1,5,0,2,1,1,3,1,1,0,0,2,2,0,0,2,1,3,0,2,0,1,0,1,1,2,1,2,3,0,0,1,2,2,2,0,2,0,1,0,0,1,1,3,0,0,2,0,4,2,4,1,6,0,0,2,3,2,2,0,4,0,2,0,0,0,1,2,1,4,0,1,0,1,2,5,0,0,0,0,0,0,1,3,0,1,0,3,1,1,2,0,4,1,2,2,0,0,2,1,1,0,1,0,2,2,1,1,1,0,0,0,3,5,0,1,6,6,1,3,2,0,3,0,1,0,1,1,1,1,0,2,3,0,0,3,4,1,0,0,0,2,0,0,1,0,1,0,0,1,2,0,1,3,0,2,3,0,2,0,1,0,1,2,2,1,0,4,0,14,0,1,6,4,1,0,0,0,0,8,1,0,3,0,2,1,0,0,1,3,0,2,1,1,5,0,0,1,1,2,1,1,0,4,1,1,6,1,2,3,8,0,0,0,3,1,0,2,6,2,0,2,2,2,2,1,1,4,4,4,1,7,0,7,6,0,3,0,0,2,0,0,1,3,2,3,1,1,2,0,4,1,0,0,0,1,0,4,1,3,3,0,0,4,0,1,3,2,0,1,1,2,3,3,1,1,1,2,0,9,1,1,0,0,3,0,1,1,0,0,0,1,0,2,1,2,3,0,0,1,3,2,0,3,0,0,0,1,0,1,5,3,3,1,2,0,0,1,1,1,0,0,1,0,0,0,0,0,3,5,1,2,5,3,2,3,0,3,2,1,0,0,0,3,0,0,0,0,4,0,0,3,0,7,1,0,4,1,1,1,5,1,1,1,0,1,3,1,0,0,1,2,0,1,0,2,0,2,2,2,1,0,2,0,2,0,0,0,0,2,0,1,0,0,4,0,0,0,0,4,0,0,3,1,1,0,0,5,1,0,0,2,6,1,3,1,2,3,0,0,3,1,0,0,0,5,0,3,2,3,3,5,0,0,0,2,4,2,1,1,2,4,0,0,2,0,0,1,1,3,0,2,0,0,5,2,0,4,0,1,4,3,1,5,3,0,2,0,0,1,0,2,2,0,0,2,6,0,0,0,1,0,0,0,1,1,0,0
SAA1,144,205,344,310,65,289,214,271,242,756,284,131,6,519,87,280,53,214,318,342,25,165,1,139,4,141,213,113,187,164,182,16,203,81,0,152,235,72,175,116,1,97,144,442,59,5,171,17,545,206,163,41,219,73,128,1,105,6,33,114,26,20,224,74,18,61,4,552,90,1,172,16,771,169,834,13,119,122,85,187,509,26,51,472,404,181,82,119,161,2,118,292,103,83,4,358,218,135,772,213,255,40,156,152,200,483,206,472,397,73,538,75,89,233,120,28,1,307,2,453,895,442,69,29,51,226,184,434,386,212,80,492,22,857,90,45,46,130,623,17,344,400,333,106,712,190,5,428,25,132,201,25,120,263,309,2,504,7,523,68,125,179,5,123,348,148,137,173,44,22,76,133,110,459,32,186,294,2,164,686,116,393,204,419,501,55,360,152,239,393,282,45,19,542,176,162,11,190,185,90,923,22,1,320,222,286,269,230,13,79,359,273,180,2,120,73,0,350,98,14,189,170,80,27,168,20,12,221,34,236,0,107,11,395,169,194,99,238,735,30,150,52,165,331,198,392,225,249,21,156,49,223,1,412,149,89,733,75,143,0,250,60,170,42,193,538,553,127,269,298,91,14,359,281,736,166,472,278,16,120,260,135,56,219,149,160,87,254,234,31,91,1,61,427,20,205,155,15,152,279,894,292,1759,17,1269,195,209,282,9,1,86,142,210,167,290,492,137,64,60,48,59,157,132,23,11,28,103,2,5,251,326,160,353,229,213,159,24,354,271,123,25,145,153,220,148,294,18,177,115,14,365,409,249,3,0,48,4,184,61,3,29,18,224,37,142,282,398,258,462,8,224,83,80,101,159,108,0,193,1027,249,27,372,120,228,195,367,287,133,131,302,100,26,347,70,16,188,51,1,278,570,978,166,313,8,292,4,275,2,457,79,386,3,4,143,420,60,25,10,112,101,156,305,147,0,60,237,244,9,136,213,126,153,176,188,95,145,37,622,13,62,58,12,63,44,312,90,311,155,56,119,223,193,299,577,67,254,148,76,138,10,254,3,319,145,18,419,1,71,56,757,233,17,3,185,349,57,120,175,1838,185,6,19,391,76,250,15,102,498,403,200,126,412,101,12,155,24,143,14,419,170,225,363,340,20,346,144,43,464,10,629,178,23,1079,10,67,364,1,261,111,100,329,71,196,74,3,415,338,8,607,1,62,324,210,140,194,540,2,111,34,3,350,188,422,113,3,1,73,542,6,35,164,470,200,351,0,212,288,109,186
FKBP2,8,13,16,8,6,4,8,5,4,11,13,11,0,15,12,19,3,6,2,3,7,13,0,5,1,3,4,12,4,7,8,7,14,6,2,4,12,7,2,4,1,5,4,10,7,2,12,0,3,14,10,4,10,6,14,0,12,0,4,4,6,11,4,9,1,9,1,15,1,0,4,1,14,9,15,7,7,22,6,7,11,0,2,16,11,3,4,8,14,2,8,9,4,7,4,10,7,2,7,7,26,0,7,9,9,6,11,2,12,4,18,3,3,13,13,2,0,7,0,10,13,7,7,7,4,4,9,5,11,9,5,12,0,15,2,6,6,19,7,0,20,7,22,2,10,11,3,12,2,8,15,3,2,12,10,0,13,0,6,3,3,5,1,15,3,7,4,3,0,6,15,6,4,5,3,6,8,4,5,5,4,14,9,14,15,2,6,2,9,10,9,8,3,14,11,17,0,10,13,4,10,9,0,6,4,5,11,8,3,4,9,9,12,3,7,2,2,6,2,0,11,9,10,3,8,4,8,7,3,4,0,10,2,6,9,6,4,11,17,12,19,3,7,9,4,7,9,3,5,3,16,10,0,3,6,6,21,6,9,0,7,3,10,13,7,12,18,16,11,7,4,3,13,8,23,7,10,17,0,14,11,14,9,7,8,9,5,6,7,6,7,0,31,8,9,8,6,1,2,11,9,15,21,1,24,17,10,10,1,0,12,7,7,16,13,7,3,10,4,3,4,7,2,4,11,2,10,4,3,3,2,6,4,5,10,3,4,10,5,6,2,1,12,16,2,5,0,7,8,1,25,19,5,0,0,3,0,11,4,1,0,1,11,4,5,12,4,10,11,7,3,11,14,10,17,15,0,3,7,8,4,8,7,14,5,15,3,2,5,10,8,7,8,2,1,11,3,0,9,8,7,15,4,25,4,2,7,0,6,9,9,0,0,8,10,4,4,0,8,12,2,10,5,0,6,5,6,12,9,17,7,24,11,13,6,7,4,29,2,2,6,0,19,2,9,5,15,6,23,9,14,5,7,8,2,17,7,4,6,0,9,0,10,12,2,17,0,6,3,13,19,2,1,15,7,5,1,6,15,2,0,1,5,11,17,15,3,19,8,6,4,12,3,1,9,1,9,10,21,5,12,6,11,1,9,3,9,5,0,15,6,10,24,2,1,12,0,6,10,4,9,4,3,0,3,21,4,0,15,0,9,10,8,5,9,8,0,7,8,6,7,2,7,9,0,0,8,16,0,4,7,5,7,12,0,9,2,12,15
CPM,0,0,0,0,0,0,0,0,0,0,0,0,0,0,0,0,0,0,0,0,0,0,0,1,1,0,0,0,0,0,0,0,0,0,0,0,0,0,0,0,0,0,0,0,0,7,0,0,0,0,0,0,1,0,0,0,0,0,0,0,0,0,0,0,0,0,0,0,0,0,0,0,0,1,0,0,0,0,0,0,0,0,0,1,0,0,0,0,0,0,0,0,0,0,0,0,0,0,1,0,0,0,0,0,0,0,0,0,0,0,1,0,0,0,0,0,0,0,0,0,1,0,0,0,0,0,0,0,0,0,0,0,0,0,0,0,0,0,0,0,0,0,0,0,0,0,0,0,0,0,0,0,0,0,0,0,0,0,0,0,0,0,0,0,0,0,0,0,0,0,0,0,0,0,0,1,0,0,0,1,0,0,0,0,1,0,0,0,0,0,0,0,0,0,0,0,0,0,0,0,0,0,1,0,0,0,0,0,0,0,0,0,0,0,0,0,0,0,0,0,0,0,0,0,0,0,0,0,0,0,0,0,0,0,0,1,0,0,0,0,0,0,0,0,1,0,0,0,0,0,0,0,0,0,0,0,0,0,0,0,1,0,0,0,0,0,0,0,0,0,0,0,0,0,0,0,0,0,0,0,0,0,0,0,0,0,0,0,0,0,0,0,0,0,0,0,0,0,0,0,0,0,1,0,1,0,0,0,0,0,0,1,0,0,0,0,0,0,0,0,0,0,0,0,1,0,0,0,0,0,0,0,0,0,0,0,0,0,0,0,0,0,0,0,0,0,0,1,0,0,2,0,0,0,0,0,0,0,0,0,0,0,0,0,0,1,0,0,0,0,0,0,1,0,0,1,0,0,0,0,0,0,0,0,0,0,0,0,0,0,0,0,0,0,0,0,0,0,0,0,0,0,0,0,0,0,0,0,0,0,0,0,0,0,0,0,0,0,0,0,0,0,0,0,0,0,0,0,0,0,0,0,0,0,0,0,2,1,0,0,0,0,0,0,0,0,0,0,0,0,0,3,0,0,0,0,0,0,0,0,0,0,0,1,0,0,0,0,0,1,0,0,0,0,0,0,0,0,1,0,0,0,0,0,0,0,0,0,0,0,0,0,0,0,0,0,0,0,0,0,0,0,0,0,0,0,0,0,0,0,0,0,0,0,0,0,0,0,0,0,0,0,0,0,0,0,0,0,0,0,0,0,0,3,0,0,0,0,0,0,0,0,0,0,0,0,0,0,0,0,0,0,0,0,0,0,0,0,0
AKR1C3,0,0,0,0,0,0,0,0,0,0,0,0,0,0,0,0,0,0,0,0,0,0,0,0,0,0,0,0,0,0,0,0,0,0,0,0,0,0,0,0,0,0,0,0,0,0,0,0,0,0,0,0,0,0,0,0,0,0,0,0,0,0,0,0,0,0,0,0,0,0,0,0,0,0,0,0,0,0,0,0,0,0,0,0,0,0,0,0,0,0,0,0,0,0,0,0,0,0,1,0,0,0,0,0,0,0,0,0,0,0,0,0,0,0,0,0,0,0,0,0,0,0,0,0,0,0,0,0,0,0,0,0,0,0,0,0,0,0,0,0,0,0,0,0,0,0,0,0,0,0,0,0,0,0,0,0,0,0,0,0,0,0,0,0,0,0,0,0,0,0,0,0,0,0,0,0,0,2,0,0,0,0,0,0,0,0,0,0,0,0,0,0,0,0,0,0,0,0,0,0,0,0,0,0,0,0,0,0,0,0,0,0,0,0,0,0,0,0,0,0,0,0,0,0,0,0,0,0,0,0,0,0,0,0,0,0,0,0,0,0,0,0,0,0,0,0,0,0,0,0,0,0,0,0,0,0,0,0,0,0,0,0,0,0,0,0,0,0,0,0,0,0,0,0,0,0,0,0,0,0,0,0,0,0,0,0,0,0,0,0,0,0,0,0,0,0,0,0,0,0,0,0,0,0,0,0,0,0,0,0,0,0,0,0,0,0,0,0,0,0,0,0,0,0,0,0,0,0,0,0,0,0,0,0,0,0,0,0,0,0,0,0,0,0,0,0,0,0,0,0,0,0,0,0,0,0,0,0,0,0,0,0,0,0,0,0,0,0,0,0,0,0,0,0,0,0,0,0,0,0,0,0,0,0,0,0,0,0,0,0,0,0,0,0,0,0,0,0,0,0,0,0,0,0,0,0,0,0,0,0,0,0,0,0,0,0,0,0,0,0,0,0,0,0,0,0,0,0,0,0,0,0,0,0,0,0,0,0,0,0,0,0,0,0,0,0,0,0,0,0,0,0,0,0,0,0,0,0,0,0,0,0,0,0,0,0,0,0,0,0,0,0,0,0,0,0,0,0,0,0,0,0,0,0,0,0,0,0,0,0,0,0,0,0,0,0,0,0,0,0,0,0,0,0,0,0,0,0,0,0,0,0,0,0,0,0,0,0,0,0,0,0,0,0,0,0,0,0,0,0,0,0,0,0,0,0,0,0,0,0,0,0,0,0,0,0,0,0,0,0,0,0,0,0,0,0,0,0,0
SFTPA2,0,0,0,0,0,0,1,0,0,0,0,0,0,0,1,0,0,0,0,0,0,2,0,0,0,0,5,0,0,0,0,0,0,0,1,0,6,0,0,0,0,1,10,0,1,0,0,0,0,2,0,0,0,1,0,0,0,0,3,5,0,0,12,17,4,1,0,1,0,0,0,0,0,1,0,0,0,0,1,0,0,0,2,1,0,0,0,1,0,0,1,0,0,0,0,0,0,1,0,0,0,0,3,0,0,1,0,0,0,0,21,0,0,0,0,0,0,0,0,0,3,0,0,0,0,0,0,0,0,0,0,0,5,0,0,0,0,0,15,0,0,0,0,0,4,1,0,0,0,4,0,0,0,0,0,0,1,0,1,0,0,0,0,0,1,0,3,0,0,0,0,1,0,0,0,0,0,0,22,21,0,1,0,2,0,0,0,0,0,0,0,0,1,0,2,0,0,0,1,0,0,180,0,0,0,38,0,2,1,0,0,2,0,0,0,2,0,0,0,0,0,1,5,0,5,0,0,12,0,3,0,1,0,11,0,0,4,0,0,0,0,0,0,0,25,0,0,0,0,0,0,0,0,1,0,1,0,4,0,0,0,1,3,0,0,0,0,0,0,0,0,0,0,1,0,1,0,0,0,0,0,0,0,0,0,0,9,1,0,0,0,0,1,0,1,0,0,0,0,1,0,0,0,0,0,1,0,0,0,0,1,0,15,0,0,30,0,0,0,0,0,0,1,0,0,0,5,0,0,0,0,0,10,10,0,0,0,0,0,0,0,14,0,1,0,0,0,0,0,0,0,0,0,0,0,0,0,0,0,0,0,0,15,0,2,0,0,0,0,0,0,3,0,1,0,1,0,0,0,3,0,0,0,0,0,0,0,0,1,0,33,0,1,0,0,0,0,0,26,0,0,0,0,1,0,1,0,0,0,0,1,0,0,0,46,0,0,0,1,0,0,1,0,0,0,3,0,0,1,0,0,0,0,0,1,0,1,0,2,0,0,0,0,0,0,0,0,0,5,0,0,0,0,0,0,0,1,0,0,0,3,0,2,0,0,0,0,0,1,9,0,0,0,0,0,0,0,0,0,0,0,0,0,11,0,0,3,3,17,1,0,0,34,0,0,0,0,0,1,0,0,0,0,0,1,0,1,0,0,0,1,0,0,0,0,0,0,0,0,0,0,0,0,1,0,0,1,0,0,0,0,0,0,0,0,0,0,0,0,0,0,0,0,0,0,0,0,1,0,8,2,2,0,0,0,1,0,0,2
RPS3A,61,167,150,262,48,104,134,161,63,118,93,54,10,133,172,297,30,185,107,183,11,127,1,277,149,63,47,117,148,63,58,111,157,87,22,130,110,120,77,103,3,128,76,109,132,1,87,7,100,94,187,137,238,113,137,3,122,5,62,101,204,67,86,103,68,57,9,140,13,3,54,29,198,112,226,77,150,180,58,71,186,16,48,130,123,22,27,120,201,5,99,206,91,47,43,204,130,60,264,174,216,29,67,102,225,138,126,162,197,77,205,56,43,35,73,48,0,92,9,247,35,173,141,50,37,159,86,145,300,192,48,104,28,58,26,48,134,258,219,0,145,41,169,64,65,110,59,229,6,145,124,55,84,160,117,0,183,8,188,81,77,95,21,383,179,151,122,110,20,49,172,110,56,33,35,140,102,76,41,118,43,116,151,242,248,108,69,163,280,112,180,105,81,258,104,174,4,60,126,61,269,216,42,42,27,134,243,120,4,89,102,105,254,20,115,20,33,289,30,25,169,220,155,16,119,6,81,125,51,42,0,61,53,49,135,95,66,105,154,206,231,47,64,90,81,150,120,106,28,56,281,65,0,174,69,96,128,74,148,4,152,61,187,178,146,118,178,104,231,180,98,35,99,151,235,80,147,167,2,217,182,167,113,188,63,83,45,161,156,208,115,19,221,143,266,79,100,39,157,216,154,134,199,24,154,222,145,175,1,6,151,128,127,101,222,137,84,19,29,36,13,122,70,16,89,29,88,68,145,97,123,70,62,106,130,64,87,169,100,146,258,24,152,204,61,168,9,161,193,31,255,102,186,44,0,33,1,88,97,5,30,13,166,3,104,97,213,274,88,180,119,129,118,90,279,199,2,81,157,130,115,202,65,93,71,214,101,123,162,180,59,37,109,93,18,72,34,1,138,114,58,153,174,272,62,35,100,0,327,74,145,2,5,255,118,49,27,3,79,120,54,150,61,4,93,90,77,175,208,225,125,90,143,110,31,49,93,251,5,58,93,2,57,22,182,164,211,172,318,44,85,75,26,165,60,298,354,151,44,3,263,6,95,88,31,208,2,121,13,66,237,171,1,176,52,70,79,144,285,98,3,12,83,233,156,121,37,172,129,95,84,168,30,3,169,3,144,153,82,54,92,107,121,4,218,31,95,112,6,139,100,123,126,18,19,152,2,201,69,76,176,51,93,32,6,198,140,1,191,2,58,303,168,63,109,166,0,165,72,141,120,47,226,72,3,3,125,224,19,82,113,113,120,142,0,291,80,205,158
SCGB3A1,1,2,1,1,0,0,0,0,0,0,0,0,0,0,0,0,4,1,0,0,0,3,0,0,0,1,0,5,2,0,0,0,3,0,0,3,3,1,1,0,0,2,0,0,0,0,0,0,0,0,1,0,0,0,0,0,0,0,1,1,0,4,0,0,0,0,0,1,0,0,0,0,1,1,0,0,0,0,3,0,0,0,0,1,0,0,0,0,0,0,0,1,0,0,0,0,0,0,0,4,0,0,0,0,0,1,1,0,0,3,0,1,0,0,0,0,0,0,0,0,0,0,1,0,0,1,2,1,0,0,0,0,0,1,0,0,0,0,0,0,1,0,0,0,0,0,0,0,0,0,1,0,0,379,0,0,0,0,6,0,0,0,0,0,0,0,82,0,0,0,0,0,0,0,0,0,1,0,2,0,2,0,0,0,4,0,1,0,1,0,1,0,0,0,1,0,0,0,1,0,0,0,0,0,0,0,0,0,0,0,0,5,0,0,4,0,0,0,0,0,0,1,1,0,0,0,0,1,0,0,0,0,0,0,0,0,0,1,0,6,0,0,0,0,1,2,0,4,0,0,0,0,0,0,0,2,0,1,0,0,0,0,0,0,1,0,1,0,0,1,3,0,0,0,2,0,1,0,1,0,0,0,0,0,0,1,1,0,4,1,6,0,1,0,2,0,0,0,0,0,0,0,0,1,0,0,0,1,0,0,1,0,0,0,0,0,0,0,0,1,0,0,0,1,0,0,1,0,0,0,0,0,1,1,3,0,0,0,0,0,0,0,0,3,1,0,0,1,0,0,0,0,0,0,0,1,0,2,0,0,0,0,0,1,0,2,0,3,1,0,6,0,4,0,0,0,0,1,1,0,0,0,0,0,1,0,0,0,0,0,0,0,1,0,0,10,0,0,0,0,0,0,4,0,0,0,2,0,0,1,1,0,0,0,0,1,0,0,0,0,2,0,0,0,0,2,0,0,1,1,2,0,0,0,0,0,0,8,0,0,0,0,0,0,3,6,0,0,0,1,0,0,2,0,0,5,1,0,2,0,7,0,1,0,0,9,0,4,0,1,0,0,0,0,0,1,0,1,1,0,0,0,1,2,2,0,0,4,0,0,0,0,1,0,0,0,0,0,0,2,1,0,0,0,0,1,0,1,0,0,0,0,4,0,0,0,0,0,0,0,0,3,0,0,0,26,0,0,0,0,0,0,0,0,0,0,0,0,0,0,0,0,0,1,0,0,0,0,0,0,0,0,0,0,0,0,0,0,1
RAP1B,0,1,0,1,0,0,1,0,0,0,0,1,0,1,2,0,0,1,0,0,0,0,0,0,0,1,0,1,0,0,0,0,0,2,1,2,1,1,1,0,0,0,0,0,0,0,0,0,0,0,0,1,2,0,1,0,2,0,2,0,3,0,0,2,0,0,0,0,0,0,0,0,1,0,1,1,1,3,1,0,0,0,0,1,1,1,0,0,0,0,0,0,0,1,0,0,0,0,0,0,2,0,0,0,0,0,0,0,1,0,0,1,0,0,2,0,0,0,0,0,0,1,2,1,0,0,0,0,0,1,0,0,1,0,0,0,0,0,1,0,1,0,0,0,2,0,0,1,0,1,0,0,0,1,0,0,1,0,1,0,0,0,0,5,0,1,1,0,0,0,0,1,1,0,1,0,0,1,1,1,0,0,3,0,1,1,0,1,0,0,0,1,1,0,0,1,0,0,0,0,0,2,1,0,0,0,1,1,0,1,1,1,0,0,0,0,0,2,0,0,0,0,0,0,0,0,0,0,0,0,0,1,0,0,0,0,0,0,0,0,1,0,0,2,0,0,0,0,0,0,2,0,0,0,0,0,0,0,1,0,1,0,0,0,0,0,1,0,1,1,0,1,0,0,2,0,2,0,0,2,0,1,0,0,1,1,0,0,1,0,0,0,2,1,0,2,0,0,0,0,0,1,2,0,1,1,1,1,0,0,2,1,0,0,3,0,0,0,0,1,0,1,0,0,0,0,0,0,0,1,0,1,0,1,0,0,1,2,1,0,0,0,0,1,0,1,0,1,1,1,3,0,0,0,0,0,0,0,1,0,0,0,0,0,0,1,3,0,0,0,0,2,0,1,0,1,0,0,0,0,1,2,1,1,0,1,0,0,0,1,0,0,2,1,0,0,0,0,0,0,0,0,0,1,0,0,0,0,1,0,0,0,0,0,1,0,0,0,0,0,0,0,0,0,2,0,0,1,0,3,0,0,1,0,0,0,0,1,0,0,0,0,0,0,1,0,0,0,0,0,1,1,0,0,0,1,0,1,0,0,1,0,0,0,0,0,0,0,0,0,1,1,0,3,0,1,0,1,0,0,0,0,0,1,0,0,1,1,0,0,0,0,0,0,1,0,1,0,3,0,0,1,2,0,0,0,0,0,0,0,0,0,1,0,0,0,0,0,2,0,2,0,0,1,0,0,1,0,2,0,0,1,0,0,1,0,0,2,1,0,2,0,1,0,0,0,0,1,0,1,0,0,0,0,0,0,0,2,0
HILPDA,0,1,1,0,0,0,0,1,0,0,0,0,0,0,0,1,0,1,0,0,0,0,0,0,0,0,0,0,1,2,0,0,1,0,0,0,1,0,0,1,0,0,0,1,0,0,0,0,0,0,2,0,0,0,2,0,0,0,0,0,2,0,1,0,0,0,0,0,0,0,0,0,0,1,0,1,0,0,0,0,0,0,0,0,0,0,0,1,2,0,0,0,1,0,0,0,1,0,0,0,0,0,0,2,2,0,0,0,1,0,0,0,0,1,0,3,0,0,0,0,1,0,0,0,0,0,1,0,0,0,0,0,0,0,0,0,2,0,0,0,1,0,0,0,0,0,0,0,0,0,0,1,0,0,0,0,0,0,0,0,1,1,0,5,1,1,0,0,0,1,0,1,0,0,0,0,0,0,0,0,0,1,1,1,0,0,0,1,1,0,0,0,0,0,0,0,0,0,0,0,1,0,0,1,0,0,0,0,0,0,0,0,1,0,0,0,0,1,0,0,0,0,0,0,0,0,2,0,0,0,0,0,0,0,0,0,0,0,1,0,0,0,2,0,0,0,0,0,0,0,0,1,0,0,0,0,0,1,0,0,0,0,0,0,1,0,0,0,1,0,0,0,0,1,3,0,0,1,0,0,0,1,0,2,0,0,0,0,0,0,1,0,0,0,0,1,0,1,0,0,0,2,1,0,0,0,0,0,0,0,0,0,2,0,0,2,1,0,1,0,0,0,0,0,0,0,0,0,2,1,0,0,0,0,0,0,0,0,0,0,0,1,0,0,0,0,0,1,0,0,0,5,1,0,0,0,0,2,0,0,0,0,0,0,0,0,3,0,0,0,0,0,0,0,4,1,0,0,0,0,0,0,0,0,0,0,0,0,0,0,0,0,0,0,0,0,0,0,0,0,0,0,0,0,1,0,0,0,1,0,0,0,0,0,1,2,0,0,1,0,0,0,0,0,0,2,0,1,2,5,1,0,0,0,0,0,0,0,0,0,0,0,0,0,0,1,0,2,0,0,0,1,1,0,0,0,0,0,0,0,0,0,0,2,0,0,0,0,0,0,0,1,0,1,0,0,0,0,0,2,0,0,2,0,0,0,0,1,0,0,0,0,0,1,0,0,0,1,0,0,0,2,1,3,1,0,0,0,0,1,0,0,0,0,0,0,0,1,0,0,0,0,0,0,0,2,1,0,0,0,0,1,0,0,0,0,0,0,2,2,1,0,1,1,0,0,0,0,0,0,0,0,0,0,0,1,0,0,0
VDAC1,5,9,7,2,2,2,4,4,8,9,4,2,3,7,3,13,2,10,1,3,7,4,0,10,2,1,1,3,2,5,6,9,3,3,2,4,4,3,7,1,0,4,2,9,4,0,7,0,6,4,22,10,7,1,8,0,10,1,8,6,10,3,3,5,2,6,0,3,2,1,3,1,14,8,10,5,3,14,3,4,12,1,3,7,6,2,3,2,4,1,3,12,0,4,6,6,2,1,7,5,7,1,2,3,6,14,5,4,15,2,7,3,0,4,13,1,0,6,4,7,5,11,4,4,5,10,1,1,20,4,8,3,1,3,2,3,5,11,3,0,8,4,10,0,4,6,7,12,0,4,8,1,3,7,4,0,9,2,4,5,1,4,1,32,8,5,4,2,0,1,3,3,3,0,3,5,3,3,3,5,2,5,5,13,9,1,4,6,3,10,5,7,2,8,7,5,0,7,1,5,1,4,1,14,2,5,10,4,1,0,0,12,14,2,1,0,3,8,2,0,5,8,4,2,10,0,3,6,2,2,0,3,5,1,8,8,3,7,8,11,28,0,2,3,7,5,4,4,0,1,19,5,0,11,2,2,7,3,4,0,1,5,10,14,6,7,10,7,4,6,5,6,8,1,11,9,8,10,0,9,7,19,4,5,1,7,2,8,7,14,8,2,8,9,5,5,2,4,4,20,10,13,18,0,5,17,3,6,0,0,15,3,2,0,18,3,4,1,1,5,1,5,2,0,4,0,5,1,5,5,3,3,3,1,8,7,4,7,3,13,11,2,4,7,3,7,0,13,11,4,18,3,12,0,0,0,0,3,5,2,0,0,4,6,3,6,12,12,0,13,7,11,5,4,21,5,0,3,3,12,10,8,7,4,2,10,8,1,4,8,6,3,2,5,1,1,4,1,8,10,3,7,8,11,2,2,6,0,10,10,5,0,0,3,14,3,0,0,1,8,1,6,2,0,6,1,1,17,8,12,4,10,3,6,6,3,4,3,2,1,3,2,10,1,7,4,12,8,7,4,6,3,3,6,2,16,7,2,2,1,10,0,5,3,4,9,0,9,2,8,12,7,0,10,1,3,0,11,13,5,1,0,3,9,12,9,2,12,8,4,3,9,4,1,7,0,9,7,11,4,5,14,2,0,9,3,6,4,0,5,10,3,8,1,1,10,0,5,7,7,6,0,2,1,0,14,15,0,26,0,2,19,14,2,7,3,0,11,3,4,4,0,12,2,0,0,1,29,0,4,8,4,3,4,1,4,6,5,3
RPL3,27,173,117,198,38,64,126,101,74,81,42,27,2,132,166,238,28,180,79,153,37,166,0,201,133,69,37,83,137,52,62,93,106,74,18,120,97,77,57,44,2,117,75,108,92,1,61,8,86,116,110,117,240,83,125,6,72,11,68,109,132,75,82,122,57,64,6,117,7,1,21,19,173,92,188,96,113,119,51,48,173,17,27,103,92,25,16,82,114,15,107,153,68,29,35,195,101,48,142,108,209,21,81,101,209,151,147,103,172,65,153,54,24,8,40,19,0,98,2,183,42,138,122,46,10,145,108,118,162,141,48,87,14,41,22,42,130,181,231,6,150,75,101,68,57,78,24,151,3,88,144,55,62,133,107,0,185,12,163,88,56,53,20,263,140,122,149,90,30,28,106,85,66,30,38,75,75,69,35,91,33,135,123,245,168,105,47,93,253,89,180,65,97,215,105,120,4,63,86,57,217,222,61,68,22,104,242,83,30,46,98,108,212,3,83,8,17,254,18,40,130,161,110,21,112,12,58,149,70,45,0,75,18,66,103,136,103,104,83,145,157,25,29,73,81,123,102,120,30,41,222,67,1,157,61,129,141,70,133,0,81,45,194,125,111,53,136,116,223,151,72,8,96,152,184,55,136,163,12,160,170,166,107,158,61,121,53,135,115,183,161,13,204,156,216,53,93,26,163,214,170,122,168,8,72,151,136,166,1,9,178,91,133,76,187,105,109,10,34,53,9,120,60,6,83,21,81,56,86,75,100,65,49,90,120,46,114,160,118,122,243,28,178,116,72,114,9,116,148,28,218,101,124,22,0,16,0,82,57,7,16,3,159,17,128,69,171,235,84,106,103,142,98,91,372,167,2,72,129,141,81,202,88,91,50,233,95,87,161,127,71,34,78,71,37,52,32,4,116,99,65,137,162,209,38,23,114,0,250,68,159,0,2,216,124,34,14,5,45,127,42,99,63,2,72,83,108,99,156,267,112,133,115,72,40,60,80,179,14,39,75,9,42,26,148,148,193,143,245,42,52,44,9,128,37,317,311,105,38,6,273,8,81,64,23,162,4,83,17,100,242,123,1,116,44,66,62,140,213,65,5,5,91,180,123,100,33,164,113,83,80,128,33,2,148,3,92,105,181,90,93,136,87,2,219,16,102,95,2,114,112,50,97,12,11,146,4,165,40,81,152,36,86,24,12,165,222,0,146,0,42,265,120,53,73,182,1,132,58,119,75,23,142,61,2,3,104,147,19,52,94,126,48,107,1,228,66,209,179
NFKBIZ,3,1,4,2,0,2,6,0,0,1,2,1,0,15,4,0,2,9,9,1,10,10,0,0,0,3,3,3,4,3,9,0,1,0,0,5,4,0,6,0,0,16,6,1,23,0,5,0,1,0,2,8,3,6,1,0,0,1,0,1,0,0,10,11,5,5,0,0,0,0,0,0,16,6,0,7,3,3,10,8,5,0,0,1,0,7,1,0,1,3,6,1,0,1,0,13,0,5,3,19,6,0,4,18,0,2,12,0,0,2,2,1,1,0,13,0,0,1,0,0,24,28,17,2,0,3,0,0,8,2,7,13,0,10,0,1,0,3,1,0,10,2,14,4,4,3,0,0,0,10,11,0,1,20,11,0,5,0,16,2,1,1,0,0,17,0,0,0,2,0,2,0,1,7,1,5,1,0,1,16,0,2,22,15,0,7,0,0,11,3,4,4,4,3,4,0,0,1,1,1,4,1,2,0,0,9,12,10,0,0,0,6,3,0,1,0,0,0,0,1,5,0,14,0,9,0,1,19,0,7,0,4,1,5,8,4,4,3,2,0,0,0,2,0,2,11,0,16,0,2,9,3,0,4,10,5,5,2,1,0,0,0,22,8,14,5,6,0,1,1,0,2,16,0,2,1,1,1,1,1,4,31,9,5,9,11,2,3,1,1,0,0,5,7,11,9,4,0,0,5,1,16,1,1,5,15,2,17,0,0,8,1,0,0,0,12,2,0,0,0,0,11,7,2,2,0,9,11,0,3,0,8,7,1,1,2,1,10,7,11,15,0,18,1,6,0,8,1,2,0,1,0,20,6,0,5,0,1,22,0,0,0,9,1,11,9,7,15,0,6,17,12,8,2,1,1,0,0,5,3,1,13,2,0,4,8,0,0,18,0,8,0,6,0,2,10,0,0,0,0,4,3,10,0,0,1,9,0,27,0,4,0,0,1,12,0,0,0,2,16,0,8,2,0,8,11,3,2,12,6,1,4,1,0,12,0,2,3,3,6,0,0,2,0,4,4,0,10,0,6,1,2,12,6,0,2,0,0,0,0,12,0,3,19,0,5,0,0,1,2,22,19,0,3,4,5,7,4,2,0,0,0,7,19,20,5,4,24,0,0,0,1,2,2,0,1,11,1,4,3,5,0,12,1,2,1,1,8,0,10,1,0,0,0,2,8,0,2,0,0,8,0,7,5,0,18,0,0,2,0,3,2,9,4,0,15,0,12,1,2,5,3,0,11,0,0,11,5,0,1,4,15,3,10,0,4,0,8,1
SEC31A,1,3,3,3,1,1,3,3,1,10,8,0,0,3,6,3,0,2,1,2,2,2,0,4,2,2,2,1,0,0,10,4,3,0,1,1,4,2,0,1,0,3,0,6,4,1,4,0,4,0,4,1,4,1,3,0,5,0,1,1,0,3,1,2,0,3,0,5,0,0,1,0,3,4,3,2,1,4,5,3,0,0,2,4,3,0,0,1,2,1,1,4,0,0,1,6,1,1,2,2,9,0,1,1,4,5,4,0,3,0,2,1,0,2,2,0,0,1,0,1,2,6,3,2,0,2,3,1,2,0,1,0,1,6,0,0,4,4,3,0,0,1,3,1,4,1,0,0,1,6,5,0,0,2,3,0,1,0,0,0,3,2,0,4,0,3,3,3,2,0,1,2,1,4,2,2,1,4,0,2,1,3,4,3,4,1,2,3,5,1,8,0,0,8,3,2,0,2,4,5,6,4,1,1,0,2,2,2,2,1,1,3,2,0,1,6,0,2,0,2,2,3,4,0,2,1,2,2,1,1,0,3,3,2,1,1,3,4,5,1,2,0,0,1,3,0,3,1,1,1,5,1,0,2,7,0,2,1,1,0,1,2,0,3,2,3,4,0,4,3,2,1,2,2,5,4,1,4,1,5,5,4,4,3,0,0,1,2,5,3,0,0,2,1,5,3,0,2,1,5,2,2,2,1,1,5,4,3,0,2,5,5,1,2,3,2,1,1,2,0,0,0,1,1,0,1,3,1,0,0,2,3,2,4,4,0,9,1,4,2,1,1,5,6,0,1,0,3,2,1,3,4,5,0,0,3,0,3,1,0,0,0,1,1,2,1,2,4,2,8,0,5,5,2,2,0,0,0,2,7,3,4,1,1,1,4,1,0,3,2,2,0,2,3,0,0,2,0,2,8,4,5,4,2,0,0,4,0,2,1,2,0,0,2,6,1,1,0,0,5,1,0,2,0,2,2,1,1,1,6,1,8,3,3,5,2,0,4,0,0,2,0,2,1,3,1,6,2,6,1,4,3,4,1,0,3,1,5,1,0,5,0,3,0,2,4,0,2,2,2,4,1,0,5,5,1,2,0,2,0,0,0,5,6,4,3,4,1,0,2,1,6,1,1,4,2,2,1,5,1,0,2,1,1,2,3,2,2,0,2,1,6,2,0,0,0,0,3,6,2,3,0,1,0,1,6,0,0,1,0,0,3,6,2,4,1,0,3,2,3,1,2,3,1,0,0,11,3,0,0,2,1,2,2,0,1,0,2,1
NASP,1,3,1,0,0,1,0,1,0,1,2,2,0,1,0,1,0,1,1,1,1,3,0,2,0,0,0,0,1,2,1,8,0,1,0,3,2,4,0,0,0,0,1,3,1,0,1,0,0,3,5,0,2,1,6,0,1,2,1,1,3,2,4,1,1,1,0,2,0,0,1,0,4,2,1,0,0,6,0,0,4,0,1,4,0,0,1,3,2,0,1,2,1,2,7,0,2,2,2,6,5,1,1,1,0,3,0,2,5,0,4,1,0,1,0,3,0,0,0,3,3,1,0,3,0,1,1,1,7,2,0,6,0,1,0,0,0,12,2,0,4,2,1,1,2,3,1,1,0,2,1,0,0,1,1,0,1,0,4,0,0,0,0,36,3,0,5,2,0,8,2,2,0,2,0,5,1,1,0,1,0,3,5,0,2,0,1,1,0,1,0,0,0,5,0,0,0,1,0,3,1,2,0,4,0,1,9,1,1,0,1,3,7,1,2,0,0,1,0,1,2,1,5,0,5,0,8,4,0,0,0,3,0,2,2,4,1,2,0,2,13,3,3,0,2,0,2,2,0,1,3,0,0,0,0,0,0,0,3,0,1,1,3,5,2,2,2,1,1,3,2,0,3,0,3,2,3,4,1,3,2,2,0,1,2,3,1,0,4,2,5,0,7,0,1,0,2,1,0,2,1,2,0,0,1,3,3,2,0,0,1,6,2,2,0,5,1,1,0,1,0,1,1,0,1,1,6,0,2,1,0,1,0,3,0,0,3,6,3,1,2,1,0,3,1,0,1,6,0,1,3,2,1,0,0,0,0,0,1,0,0,0,2,0,3,2,0,2,1,23,2,2,3,0,2,3,0,2,3,1,1,3,1,3,1,4,3,1,1,3,1,0,1,1,0,2,2,0,3,0,0,5,4,7,0,0,2,0,4,3,1,0,0,3,3,0,0,0,0,1,0,2,2,0,4,1,1,14,1,7,0,2,1,3,2,1,1,0,1,1,0,0,0,1,2,5,1,0,5,0,2,0,1,2,0,3,0,4,0,0,1,0,4,2,0,1,0,3,0,1,2,1,0,0,0,2,2,2,4,1,0,1,2,1,4,3,0,3,2,0,0,7,1,0,4,0,6,3,3,0,2,1,0,1,0,0,4,5,0,3,1,2,5,0,0,2,0,1,2,0,0,2,1,0,2,0,3,0,6,0,1,4,0,1,3,3,0,3,2,0,1,1,0,2,0,0,3,6,0,0,0,2,5,2,0,1,1,1,2
AGR3,0,0,0,0,0,0,0,0,0,0,0,0,0,0,0,0,0,0,0,0,0,0,0,0,0,0,0,0,1,0,0,0,0,0,0,0,0,0,0,0,0,0,0,0,0,0,0,0,0,0,0,0,0,0,0,0,0,0,0,0,0,0,0,0,0,0,0,0,0,0,0,0,0,0,0,0,0,0,0,0,0,0,0,0,0,0,0,0,0,0,0,0,0,0,0,0,0,0,0,0,0,0,0,0,0,0,0,0,0,0,0,0,0,0,0,0,0,0,0,0,0,0,0,0,0,0,0,0,0,0,0,0,0,0,0,0,0,0,0,0,0,0,0,0,0,0,0,0,0,0,0,0,0,0,0,0,0,0,0,0,0,0,0,0,2,0,0,0,0,0,0,0,0,0,0,0,0,0,0,2,0,1,0,0,0,0,0,0,0,0,0,0,0,0,0,0,0,0,0,0,0,0,0,0,0,0,0,0,0,1,0,0,0,0,0,0,0,0,0,0,0,0,0,0,0,0,0,0,0,0,0,0,0,0,0,0,0,0,0,0,0,0,0,0,0,0,0,0,0,0,0,0,0,0,0,0,0,0,0,0,0,0,0,0,0,0,0,0,0,0,0,0,0,0,0,0,0,0,0,0,0,0,0,0,0,0,0,0,0,0,0,0,0,0,0,0,0,0,0,0,0,0,0,0,0,0,0,0,0,0,0,0,0,0,0,0,0,0,0,0,0,0,0,0,0,0,1,0,0,0,0,0,0,0,0,0,0,0,1,0,0,0,0,0,0,0,0,0,0,0,0,0,0,0,0,0,0,0,0,0,0,0,0,0,0,0,0,0,0,0,0,0,0,0,0,0,0,0,0,0,0,0,0,0,0,0,0,0,0,0,1,0,0,0,0,0,0,0,0,0,1,0,0,0,0,0,0,0,1,0,0,0,0,0,0,0,0,0,0,0,0,0,0,0,0,0,0,0,0,0,0,0,0,0,0,0,0,0,0,0,0,0,0,0,0,0,0,0,0,0,0,2,0,0,0,0,0,0,0,0,0,0,0,0,0,0,0,0,0,0,0,0,0,0,0,0,0,0,0,0,0,0,0,0,0,0,0,0,0,0,0,0,0,0,0,0,0,0,0,0,0,0,0,0,0,0,0,0,0,1,0,0,0,0,0,0,0,0,0,0,0,0,0,0,0,0,0,0,0,0,0,0,0,0,0,0,0,0,0,0,0,0,0,0,0,0,0,0,0,0,0,0,0,0,0,0,0,0,0
